,index,column,importance
0,1291,numsOf_GRJCJS_GRYJCE_div,1479.0
1,31,DWJJLX_in_DWSSHY_prop,956.0
2,1,DWSSHY,762.0
3,1362,numsOf_GRZHDNGJYE_YEARPURINCM_div,695.0
4,30,DWJJLX_DWSSHY_count,631.0
5,32,DWSSHY_in_DWJJLX_prop,550.0
6,1399,numsOf_GRYJCE_DKXE_multi,484.0
7,269,GRJCJS_GRZHSNJZYE_std,442.0
8,1335,numsOf_GRZHSNJZYE_YEARPURINCM_div,439.0
9,285,GRJCJS_YEARPURINCM_std,423.0
10,313,GRJCJS_TOP_USER_std,413.0
11,1289,numsOf_GRJCJS_GRZHDNGJYE_div,412.0
12,10,DWJJLX_6,411.0
13,288,GRJCJS_HDZYF_std,408.0
14,305,GRJCJS_USAGE_RATE_std,401.0
15,278,GRJCJS_DKYE_std,393.0
16,1302,numsOf_GRZHYE_GRZHDNGJYE_div,386.0
17,524,GRYJCE_DKYE_std,385.0
18,189,GRZHZT_WITHDRAW_std,382.0
19,517,GRYJCE_GRZHSNJZYE_std,371.0
20,291,GRJCJS_HDSYYF_std,368.0
21,47,XINGBIE_in_DWSSHY_prop,364.0
22,335,GRJCJS_DKXE_std,364.0
23,1442,numsOf_HDZYF_DKXE_multi,361.0
24,330,GRJCJS_WITHDRAW_SUBMIT_std,358.0
25,265,GRJCJS_GRZHYE_std,350.0
26,294,GRJCJS_HDYF_std,348.0
27,531,GRYJCE_YEARPURINCM_std,345.0
28,55,DWSSHY_GJJRATE_count,344.0
29,582,GRYJCE_DKXE_std,342.0
30,1382,numsOf_GRYJCE_YEARPURINCM_div,341.0
31,1329,numsOf_GRZHSNJZYE_GRZHDNGJYE_div,340.0
32,1361,numsOf_GRZHDNGJYE_YEARPURINCM_multi,339.0
33,284,GRJCJS_YEARPURINCM_mean,331.0
34,560,GRYJCE_TOP_USER_std,330.0
35,1527,numsOf_GJJRATE_DKXE_multi,328.0
36,317,GRJCJS_TOP_USER1_std,324.0
37,529,GRYJCE_YEARPURINCM_sum,318.0
38,1218,DKXE_YEARPURINCM_sum,318.0
39,286,GRJCJS_YEARPURINCM_max,317.0
40,1487,numsOf_HDZYFZE_DKXE_div,317.0
41,2,age,312.0
42,534,GRYJCE_HDZYF_std,307.0
43,326,GRJCJS_USAGE_AMOUNT_std,306.0
44,280,GRJCJS_DKLL_std,306.0
45,526,GRYJCE_DKLL_std,305.0
46,513,GRYJCE_GRZHYE_std,305.0
47,3,bornmonth,304.0
48,1224,DKXE_HDZYF_min,303.0
49,300,GRJCJS_HDSYYFZE_mean,300.0
50,530,GRYJCE_YEARPURINCM_mean,297.0
51,33,DWJJLX_XINGBIE_count,297.0
52,289,GRJCJS_HDZYF_min,296.0
53,277,GRJCJS_DKFFE_std,296.0
54,564,GRYJCE_TOP_USER1_std,296.0
55,1067,WITHDRAW_DKXE_min,295.0
56,264,GRJCJS_GRZHYE_mean,295.0
57,1252,DKXE_TOP_USER_std,295.0
58,1528,numsOf_GJJRATE_DKXE_div,293.0
59,273,GRJCJS_GRZHDNGJYE_std,293.0
60,1332,numsOf_GRZHSNJZYE_YEARPURINCM_add,292.0
61,38,DWJJLX_GJJRATE_count,292.0
62,1403,numsOf_DKYE_YEARPURINCM_div,292.0
63,1300,numsOf_GRZHYE_GRZHSNJZYE_div,291.0
64,57,GJJRATE_in_DWSSHY_prop,290.0
65,99,DWJJLX_GRZHDNGJYE_sum,289.0
66,539,GRYJCE_HDYF_std,283.0
67,283,GRJCJS_YEARPURINCM_sum,282.0
68,550,GRYJCE_USAGE_RATE_std,280.0
69,50,DWSSHY_TOP_USER_count,279.0
70,516,GRYJCE_GRZHSNJZYE_mean,278.0
71,51,DWSSHY_in_TOP_USER_prop,276.0
72,53,DWSSHY_WITHSIGN_count,276.0
73,1211,DKXE_GRYJCE_min,275.0
74,523,GRYJCE_DKFFE_std,275.0
75,321,GRJCJS_WITHDRAW_std,274.0
76,1400,numsOf_GRYJCE_DKXE_div,272.0
77,56,DWSSHY_in_GJJRATE_prop,271.0
78,545,GRYJCE_HDSYYFZE_mean,271.0
79,538,GRYJCE_HDYF_mean,268.0
80,325,GRJCJS_USAGE_AMOUNT_mean,267.0
81,691,HDZYF_GRJCJS_max,267.0
82,535,GRYJCE_HDZYF_min,266.0
83,168,DWSSHY_TOP_USER_std,265.0
84,1309,numsOf_GRZHYE_HDYF_multi,265.0
85,304,GRJCJS_USAGE_RATE_mean,264.0
86,336,GRJCJS_DKXE_max,263.0
87,532,GRYJCE_YEARPURINCM_max,262.0
88,309,GRJCJS_GJJRATE_std,261.0
89,1221,DKXE_YEARPURINCM_max,261.0
90,268,GRJCJS_GRZHSNJZYE_mean,260.0
91,293,GRJCJS_HDYF_mean,258.0
92,1338,numsOf_GRZHSNJZYE_HDYF_multi,257.0
93,764,HDZYF_DKXE_max,256.0
94,583,GRYJCE_DKXE_max,256.0
95,1482,numsOf_HDZYFZE_USAGE_AMOUNT_add,256.0
96,1455,numsOf_HDSYYF_WITHDRAW_SUBMIT_div,255.0
97,295,GRJCJS_HDYF_min,253.0
98,333,GRJCJS_DKXE_sum,252.0
99,521,GRYJCE_GRZHDNGJYE_std,252.0
100,572,GRYJCE_USAGE_AMOUNT_std,252.0
101,272,GRJCJS_GRZHDNGJYE_mean,249.0
102,320,GRJCJS_WITHDRAW_mean,246.0
103,1436,numsOf_YEARPURINCM_WITHDRAW_SUBMIT_multi,246.0
104,519,GRYJCE_GRZHSNJZYE_min,245.0
105,270,GRJCJS_GRZHSNJZYE_max,244.0
106,1390,numsOf_GRYJCE_GJJRATE_multi,243.0
107,536,GRYJCE_HDSYYF_std,242.0
108,1098,USAGE_AMOUNT_HDYF_sum,242.0
109,271,GRJCJS_GRZHSNJZYE_min,241.0
110,302,GRJCJS_HDSYYFZE_max,241.0
111,276,GRJCJS_GRYJCE_min,241.0
112,709,HDZYF_YEARPURINCM_sum,240.0
113,854,HDZYFZE_USAGE_RATE_std,240.0
114,1486,numsOf_HDZYFZE_DKXE_multi,240.0
115,329,GRJCJS_WITHDRAW_SUBMIT_mean,239.0
116,506,GRZHDNGJYE_DKXE_sum,237.0
117,287,GRJCJS_YEARPURINCM_min,237.0
118,1432,numsOf_YEARPURINCM_WITHDRAW_multi,236.0
119,324,GRJCJS_USAGE_AMOUNT_sum,235.0
120,541,GRYJCE_HDZYFZE_mean,234.0
121,266,GRJCJS_GRZHYE_max,233.0
122,1406,numsOf_DKLL_YEARPURINCM_div,232.0
123,296,GRJCJS_HDZYFZE_mean,232.0
124,36,DWJJLX_TOP_USER_count,231.0
125,584,GRYJCE_DKXE_min,230.0
126,762,HDZYF_DKXE_sum,229.0
127,700,HDZYF_GRZHDNGJYE_sum,229.0
128,312,GRJCJS_TOP_USER_mean,228.0
129,1535,numsOf_TOP_USER_DKXE_multi,228.0
130,274,GRJCJS_GRZHDNGJYE_max,228.0
131,1437,numsOf_YEARPURINCM_WITHDRAW_SUBMIT_div,227.0
132,711,HDZYF_YEARPURINCM_std,227.0
133,1384,numsOf_GRYJCE_HDSYYF_add,227.0
134,1209,DKXE_GRYJCE_std,226.0
135,275,GRJCJS_GRYJCE_std,226.0
136,533,GRYJCE_YEARPURINCM_min,226.0
137,581,GRYJCE_DKXE_mean,226.0
138,1396,numsOf_GRYJCE_USAGE_AMOUNT_multi,225.0
139,1351,numsOf_GRZHSNJZYE_USAGE_AMOUNT_add,225.0
140,290,GRJCJS_HDSYYF_mean,225.0
141,1357,numsOf_GRZHSNJZYE_WITHDRAW_SUBMIT_div,225.0
142,45,DWSSHY_XINGBIE_count,224.0
143,316,GRJCJS_TOP_USER1_mean,222.0
144,39,DWJJLX_in_GJJRATE_prop,222.0
145,547,GRYJCE_HDSYYFZE_max,221.0
146,1129,USAGE_AMOUNT_DKXE_mean,220.0
147,1256,DKXE_TOP_USER1_std,217.0
148,721,HDZYF_HDYF_min,217.0
149,1215,DKXE_DKLL_std,215.0
150,334,GRJCJS_DKXE_mean,215.0
151,46,DWSSHY_in_XINGBIE_prop,215.0
152,1353,numsOf_GRZHSNJZYE_USAGE_AMOUNT_multi,215.0
153,1376,numsOf_GRZHDNGJYE_WITHDRAW_multi,215.0
154,1074,USAGE_AMOUNT_GRZHSNJZYE_std,214.0
155,1511,numsOf_USAGE_RATE_USAGE_AMOUNT_multi,212.0
156,571,GRYJCE_USAGE_AMOUNT_mean,212.0
157,1276,GRJCJS_DWSSHY_max,211.0
158,549,GRYJCE_USAGE_RATE_mean,211.0
159,1089,USAGE_AMOUNT_YEARPURINCM_mean,211.0
160,339,GRZHYE_GRZHSNJZYE_max,210.0
161,1197,DKXE_GRZHYE_std,210.0
162,52,TOP_USER_in_DWSSHY_prop,210.0
163,518,GRYJCE_GRZHSNJZYE_max,209.0
164,1485,numsOf_HDZYFZE_WITHDRAW_SUBMIT_div,209.0
165,40,GJJRATE_in_DWJJLX_prop,206.0
166,1088,USAGE_AMOUNT_YEARPURINCM_sum,206.0
167,1545,numsOf_TOP_USER1_DKXE_multi,205.0
168,1101,USAGE_AMOUNT_HDYF_max,205.0
169,1410,numsOf_DKLL_USAGE_RATE_diff,204.0
170,1333,numsOf_GRZHSNJZYE_YEARPURINCM_diff,204.0
171,522,GRYJCE_GRZHDNGJYE_max,203.0
172,1193,WITHDRAW_SUBMIT_DKXE_max,202.0
173,570,GRYJCE_WITHDRAW_min,201.0
174,1238,DKXE_HDSYYFZE_mean,200.0
175,267,GRJCJS_GRZHYE_min,200.0
176,1198,DKXE_GRZHYE_max,200.0
177,1230,DKXE_HDYF_mean,200.0
178,577,GRYJCE_WITHDRAW_SUBMIT_std,199.0
179,37,DWJJLX_WITHSIGN_count,199.0
180,54,DWSSHY_in_WITHSIGN_prop,199.0
181,698,HDZYF_GRZHSNJZYE_max,199.0
182,1200,DKXE_GRZHSNJZYE_mean,199.0
183,1132,USAGE_AMOUNT_DKXE_min,198.0
184,1347,numsOf_GRZHSNJZYE_TOP_USER_div,197.0
185,331,GRJCJS_WITHDRAW_SUBMIT_max,197.0
186,1077,USAGE_AMOUNT_GRZHDNGJYE_sum,197.0
187,1243,DKXE_USAGE_RATE_std,196.0
188,580,GRYJCE_DKXE_sum,195.0
189,1337,numsOf_GRZHSNJZYE_HDSYYF_multi,194.0
190,1265,DKXE_USAGE_AMOUNT_mean,194.0
191,514,GRYJCE_GRZHYE_max,193.0
192,1022,WITHDRAW_GRZHSNJZYE_min,192.0
193,1202,DKXE_GRZHSNJZYE_max,192.0
194,567,GRYJCE_WITHDRAW_mean,192.0
195,1081,USAGE_AMOUNT_GRYJCE_mean,191.0
196,391,GRZHYE_DKXE_sum,190.0
197,1212,DKXE_DKFFE_std,189.0
198,1287,numsOf_GRJCJS_GRZHSNJZYE_div,189.0
199,1079,USAGE_AMOUNT_GRZHDNGJYE_std,189.0
200,1201,DKXE_GRZHSNJZYE_std,189.0
201,1280,GRYJCE_DWSSHY_max,188.0
202,1557,numsOf_USAGE_AMOUNT_DKXE_multi,188.0
203,559,GRYJCE_TOP_USER_mean,186.0
204,1196,DKXE_GRZHYE_mean,186.0
205,322,GRJCJS_WITHDRAW_max,186.0
206,1219,DKXE_YEARPURINCM_mean,185.0
207,873,HDZYFZE_WITHDRAW_SUBMIT_std,185.0
208,1415,numsOf_DKLL_DKXE_div,184.0
209,1191,WITHDRAW_SUBMIT_DKXE_mean,184.0
210,60,DWSSHY_WITHSIGN2_count,181.0
211,1142,WITHDRAW_SUBMIT_GRZHDNGJYE_min,181.0
212,1213,DKXE_DKYE_std,180.0
213,1308,numsOf_GRZHYE_HDSYYF_multi,180.0
214,1281,GRYJCE_DWSSHY_min,180.0
215,279,GRJCJS_DKLL_mean,179.0
216,707,HDZYF_DKYE_std,178.0
217,520,GRYJCE_GRZHDNGJYE_mean,178.0
218,41,DWJJLX_GJSIGN_count,177.0
219,187,DWSSHY_DKXE_max,177.0
220,1456,numsOf_HDSYYF_DKXE_multi,176.0
221,1325,numsOf_GRZHYE_WITHDRAW_SUBMIT_div,176.0
222,576,GRYJCE_WITHDRAW_SUBMIT_mean,175.0
223,540,GRYJCE_HDYF_min,174.0
224,1207,DKXE_GRZHDNGJYE_max,174.0
225,1277,GRJCJS_DWSSHY_min,174.0
226,537,GRYJCE_HDSYYF_min,174.0
227,1409,numsOf_DKLL_USAGE_RATE_add,173.0
228,1228,DKXE_HDSYYF_min,173.0
229,303,GRJCJS_HDSYYFZE_min,173.0
230,715,HDZYF_HDSYYF_std,173.0
231,139,DWSSHY_GRZHDNGJYE_sum,172.0
232,731,HDZYF_USAGE_RATE_mean,172.0
233,1546,numsOf_TOP_USER1_DKXE_div,172.0
234,927,USAGE_RATE_YEARPURINCM_sum,170.0
235,1468,numsOf_HDYF_TOP_USER1_div,170.0
236,1203,DKXE_GRZHSNJZYE_min,169.0
237,1097,USAGE_AMOUNT_HDSYYF_min,169.0
238,512,GRYJCE_GRZHYE_mean,169.0
239,1430,numsOf_YEARPURINCM_WITHDRAW_add,169.0
240,1220,DKXE_YEARPURINCM_std,168.0
241,515,GRYJCE_GRZHYE_min,168.0
242,1515,numsOf_USAGE_RATE_DKXE_div,168.0
243,1398,numsOf_GRYJCE_WITHDRAW_SUBMIT_div,167.0
244,697,HDZYF_GRZHSNJZYE_std,167.0
245,944,USAGE_RATE_GJJRATE_std,167.0
246,393,GRZHYE_DKXE_max,166.0
247,1387,numsOf_GRYJCE_HDZYFZE_multi,166.0
248,1417,numsOf_YEARPURINCM_HDSYYF_multi,166.0
249,858,HDZYFZE_GJJRATE_std,165.0
250,1499,numsOf_HDSYYFZE_WITHDRAW_SUBMIT_div,165.0
251,1322,numsOf_GRZHYE_USAGE_AMOUNT_multi,164.0
252,292,GRJCJS_HDSYYF_min,163.0
253,1386,numsOf_GRYJCE_HDYF_add,163.0
254,1120,USAGE_AMOUNT_WITHDRAW_std,163.0
255,1526,numsOf_GJJRATE_WITHDRAW_SUBMIT_div,163.0
256,1443,numsOf_HDSYYF_HDYF_multi,163.0
257,1475,numsOf_HDYF_DKXE_multi,163.0
258,1019,WITHDRAW_GRZHYE_min,162.0
259,696,HDZYF_GRZHSNJZYE_mean,162.0
260,759,HDZYF_WITHDRAW_SUBMIT_std,162.0
261,573,GRYJCE_USAGE_AMOUNT_max,162.0
262,1296,numsOf_GRJCJS_WITHDRAW_add,162.0
263,510,GRZHDNGJYE_DKXE_min,161.0
264,569,GRYJCE_WITHDRAW_max,161.0
265,1426,numsOf_YEARPURINCM_TOP_USER_multi,161.0
266,1474,numsOf_HDYF_WITHDRAW_SUBMIT_div,161.0
267,892,HDSYYFZE_YEARPURINCM_max,161.0
268,917,USAGE_RATE_GRZHSNJZYE_min,161.0
269,1513,numsOf_USAGE_RATE_WITHDRAW_SUBMIT_div,160.0
270,1321,numsOf_GRZHYE_WITHDRAW_multi,160.0
271,913,USAGE_RATE_GRZHYE_min,159.0
272,1076,USAGE_AMOUNT_GRZHSNJZYE_min,159.0
273,1242,DKXE_USAGE_RATE_mean,159.0
274,1344,numsOf_GRZHSNJZYE_GJJRATE_multi,159.0
275,1514,numsOf_USAGE_RATE_DKXE_multi,159.0
276,1251,DKXE_TOP_USER_mean,159.0
277,1477,numsOf_HDZYFZE_USAGE_RATE_div,158.0
278,511,GRYJCE_GRJCJS_std,158.0
279,857,HDZYFZE_GJJRATE_mean,158.0
280,1431,numsOf_YEARPURINCM_WITHDRAW_diff,158.0
281,1418,numsOf_YEARPURINCM_HDYF_multi,158.0
282,1331,numsOf_GRZHSNJZYE_GRYJCE_div,157.0
283,555,GRYJCE_GJJRATE_std,157.0
284,150,DWSSHY_YEARPURINCM_min,157.0
285,551,GRYJCE_USAGE_RATE_max,156.0
286,714,HDZYF_HDSYYF_sum,156.0
287,1393,numsOf_GRYJCE_TOP_USER_div,156.0
288,332,GRJCJS_WITHDRAW_SUBMIT_min,156.0
289,1240,DKXE_HDSYYFZE_max,156.0
290,323,GRJCJS_WITHDRAW_min,155.0
291,509,GRZHDNGJYE_DKXE_max,155.0
292,1434,numsOf_YEARPURINCM_USAGE_AMOUNT_div,155.0
293,763,HDZYF_DKXE_std,155.0
294,693,HDZYF_GRZHYE_std,155.0
295,1025,WITHDRAW_GRYJCE_max,155.0
296,1441,numsOf_HDZYF_HDYF_multi,154.0
297,436,GRZHSNJZYE_DKXE_sum,154.0
298,910,USAGE_RATE_GRZHYE_mean,153.0
299,1119,USAGE_AMOUNT_WITHDRAW_mean,152.0
300,1204,DKXE_GRZHDNGJYE_sum,152.0
301,699,HDZYF_GRZHSNJZYE_min,151.0
302,890,HDSYYFZE_YEARPURINCM_sum,151.0
303,1130,USAGE_AMOUNT_DKXE_std,150.0
304,306,GRJCJS_USAGE_RATE_max,149.0
305,1310,numsOf_GRZHYE_HDZYFZE_multi,149.0
306,1267,DKXE_USAGE_AMOUNT_max,149.0
307,1346,numsOf_GRZHSNJZYE_TOP_USER_multi,149.0
308,1378,numsOf_GRZHDNGJYE_USAGE_AMOUNT_div,149.0
309,1556,numsOf_USAGE_AMOUNT_WITHDRAW_SUBMIT_div,149.0
310,1352,numsOf_GRZHSNJZYE_USAGE_AMOUNT_diff,148.0
311,67,XINGBIE_TOP_USER_count,148.0
312,1263,DKXE_WITHDRAW_min,148.0
313,914,USAGE_RATE_GRZHSNJZYE_mean,148.0
314,328,GRJCJS_USAGE_AMOUNT_min,148.0
315,1194,WITHDRAW_SUBMIT_DKXE_min,148.0
316,440,GRZHDNGJYE_GRJCJS_max,147.0
317,1206,DKXE_GRZHDNGJYE_std,147.0
318,1233,DKXE_HDYF_min,147.0
319,1359,numsOf_GRZHSNJZYE_DKXE_div,146.0
320,542,GRYJCE_HDZYFZE_std,146.0
321,308,GRJCJS_GJJRATE_mean,146.0
322,1234,DKXE_HDZYFZE_mean,146.0
323,327,GRJCJS_USAGE_AMOUNT_max,146.0
324,827,HDZYFZE_GRZHDNGJYE_mean,145.0
325,911,USAGE_RATE_GRZHYE_std,145.0
326,1094,USAGE_AMOUNT_HDSYYF_mean,145.0
327,754,HDZYF_USAGE_AMOUNT_std,145.0
328,548,GRYJCE_HDSYYFZE_min,145.0
329,1271,DKXE_WITHDRAW_SUBMIT_std,144.0
330,1458,numsOf_HDYF_HDZYFZE_multi,144.0
331,702,HDZYF_GRZHDNGJYE_std,144.0
332,1231,DKXE_HDYF_std,144.0
333,748,HDZYF_WITHDRAW_mean,144.0
334,1214,DKXE_DKLL_mean,143.0
335,507,GRZHDNGJYE_DKXE_mean,143.0
336,1323,numsOf_GRZHYE_USAGE_AMOUNT_div,143.0
337,574,GRYJCE_USAGE_AMOUNT_min,143.0
338,710,HDZYF_YEARPURINCM_mean,142.0
339,1270,DKXE_WITHDRAW_SUBMIT_mean,142.0
340,1536,numsOf_TOP_USER_DKXE_div,141.0
341,1318,numsOf_GRZHYE_TOP_USER_div,141.0
342,1083,USAGE_AMOUNT_GRYJCE_max,140.0
343,1266,DKXE_USAGE_AMOUNT_std,140.0
344,1427,numsOf_YEARPURINCM_TOP_USER_div,140.0
345,1069,USAGE_AMOUNT_GRZHYE_mean,139.0
346,1460,numsOf_HDYF_HDSYYFZE_multi,139.0
347,718,HDZYF_HDYF_mean,139.0
348,1247,DKXE_GJJRATE_std,138.0
349,1348,numsOf_GRZHSNJZYE_TOP_USER1_multi,138.0
350,1367,numsOf_GRZHDNGJYE_HDSYYFZE_multi,138.0
351,1531,numsOf_TOP_USER_USAGE_AMOUNT_div,138.0
352,878,HDZYFZE_DKXE_std,137.0
353,1534,numsOf_TOP_USER_WITHDRAW_SUBMIT_div,137.0
354,1227,DKXE_HDSYYF_max,137.0
355,1354,numsOf_GRZHSNJZYE_USAGE_AMOUNT_div,137.0
356,1388,numsOf_GRYJCE_HDSYYFZE_multi,136.0
357,1336,numsOf_GRZHSNJZYE_HDZYF_div,136.0
358,163,DWSSHY_USAGE_RATE_std,135.0
359,1286,numsOf_GRJCJS_GRZHYE_div,135.0
360,358,GRZHYE_HDYF_min,135.0
361,1501,numsOf_HDSYYFZE_DKXE_div,135.0
362,451,GRZHDNGJYE_DKFFE_std,134.0
363,1078,USAGE_AMOUNT_GRZHDNGJYE_mean,134.0
364,1304,numsOf_GRZHYE_GRYJCE_div,134.0
365,1389,numsOf_GRYJCE_USAGE_RATE_div,134.0
366,1143,WITHDRAW_SUBMIT_GRYJCE_mean,134.0
367,525,GRYJCE_DKLL_mean,134.0
368,1226,DKXE_HDSYYF_std,133.0
369,1383,numsOf_GRYJCE_HDZYF_div,133.0
370,297,GRJCJS_HDZYFZE_std,132.0
371,1145,WITHDRAW_SUBMIT_GRYJCE_max,132.0
372,837,HDZYFZE_YEARPURINCM_mean,132.0
373,1260,DKXE_WITHDRAW_mean,132.0
374,1466,numsOf_HDYF_TOP_USER_div,132.0
375,579,GRYJCE_WITHDRAW_SUBMIT_min,131.0
376,1110,USAGE_AMOUNT_GJJRATE_std,131.0
377,1381,numsOf_GRZHDNGJYE_DKXE_multi,131.0
378,1225,DKXE_HDSYYF_mean,130.0
379,448,GRZHDNGJYE_GRZHSNJZYE_min,130.0
380,1394,numsOf_GRYJCE_TOP_USER1_multi,130.0
381,1544,numsOf_TOP_USER1_WITHDRAW_SUBMIT_div,130.0
382,732,HDZYF_USAGE_RATE_std,130.0
383,1072,USAGE_AMOUNT_GRZHYE_min,130.0
384,1210,DKXE_GRYJCE_max,130.0
385,1294,numsOf_GRJCJS_HDZYFZE_div,130.0
386,318,GRJCJS_TOP_USER1_max,130.0
387,1205,DKXE_GRZHDNGJYE_mean,129.0
388,1339,numsOf_GRZHSNJZYE_HDZYFZE_multi,129.0
389,1464,numsOf_HDYF_GJJRATE_div,129.0
390,921,USAGE_RATE_GRYJCE_max,129.0
391,778,HDSYYF_HDZYF_max,129.0
392,1261,DKXE_WITHDRAW_std,129.0
393,713,HDZYF_YEARPURINCM_min,128.0
394,1268,DKXE_USAGE_AMOUNT_min,128.0
395,575,GRYJCE_WITHDRAW_SUBMIT_sum,128.0
396,342,GRZHYE_GRYJCE_max,128.0
397,1229,DKXE_HDYF_sum,127.0
398,1090,USAGE_AMOUNT_YEARPURINCM_std,127.0
399,1483,numsOf_HDZYFZE_USAGE_AMOUNT_multi,127.0
400,140,DWSSHY_GRZHDNGJYE_mean,127.0
401,1476,numsOf_HDYF_DKXE_div,127.0
402,563,GRYJCE_TOP_USER1_mean,127.0
403,872,HDZYFZE_WITHDRAW_SUBMIT_mean,127.0
404,1317,numsOf_GRZHYE_TOP_USER_multi,126.0
405,1500,numsOf_HDSYYFZE_DKXE_multi,126.0
406,1278,GRYJCE_DWJJLX_max,126.0
407,756,HDZYF_USAGE_AMOUNT_min,126.0
408,1380,numsOf_GRZHDNGJYE_WITHDRAW_SUBMIT_div,126.0
409,1246,DKXE_GJJRATE_mean,126.0
410,846,HDZYFZE_HDYF_mean,126.0
411,1349,numsOf_GRZHSNJZYE_TOP_USER1_div,126.0
412,838,HDZYFZE_YEARPURINCM_std,126.0
413,1039,WITHDRAW_HDYF_min,126.0
414,1342,numsOf_GRZHSNJZYE_USAGE_RATE_multi,126.0
415,828,HDZYFZE_GRZHDNGJYE_std,126.0
416,1152,WITHDRAW_SUBMIT_YEARPURINCM_mean,125.0
417,544,GRYJCE_HDZYFZE_min,125.0
418,1124,USAGE_AMOUNT_WITHDRAW_SUBMIT_mean,125.0
419,1273,DKXE_WITHDRAW_SUBMIT_min,125.0
420,385,GRZHYE_USAGE_AMOUNT_max,125.0
421,1439,numsOf_YEARPURINCM_DKXE_div,124.0
422,1084,USAGE_AMOUNT_GRYJCE_min,124.0
423,1372,numsOf_GRZHDNGJYE_TOP_USER_multi,124.0
424,1070,USAGE_AMOUNT_GRZHYE_std,124.0
425,350,GRZHYE_YEARPURINCM_max,124.0
426,1274,GRJCJS_DWJJLX_max,123.0
427,692,HDZYF_GRZHYE_mean,123.0
428,1306,numsOf_GRZHYE_YEARPURINCM_multi,123.0
429,568,GRYJCE_WITHDRAW_std,123.0
430,1259,DKXE_WITHDRAW_sum,123.0
431,1421,numsOf_YEARPURINCM_HDSYYFZE_multi,122.0
432,1547,numsOf_WITHDRAW_USAGE_AMOUNT_multi,122.0
433,1428,numsOf_YEARPURINCM_TOP_USER1_multi,122.0
434,694,HDZYF_GRZHYE_max,121.0
435,1091,USAGE_AMOUNT_YEARPURINCM_max,121.0
436,466,GRZHDNGJYE_HDYF_mean,121.0
437,58,DWSSHY_GJSIGN_count,121.0
438,964,USAGE_RATE_DKXE_max,120.0
439,1448,numsOf_HDSYYF_TOP_USER_multi,120.0
440,1358,numsOf_GRZHSNJZYE_DKXE_multi,120.0
441,1523,numsOf_GJJRATE_USAGE_AMOUNT_multi,120.0
442,853,HDZYFZE_USAGE_RATE_mean,120.0
443,1395,numsOf_GRYJCE_TOP_USER1_div,119.0
444,934,USAGE_RATE_HDYF_mean,119.0
445,1450,numsOf_HDSYYF_TOP_USER1_multi,119.0
446,1315,numsOf_GRZHYE_GJJRATE_multi,119.0
447,1473,numsOf_HDYF_WITHDRAW_SUBMIT_multi,119.0
448,1295,numsOf_GRJCJS_USAGE_RATE_multi,119.0
449,717,HDZYF_HDYF_sum,118.0
450,1506,numsOf_USAGE_RATE_TOP_USER_multi,118.0
451,1305,numsOf_GRZHYE_YEARPURINCM_add,118.0
452,1232,DKXE_HDYF_max,118.0
453,936,USAGE_RATE_HDYF_min,118.0
454,695,HDZYF_GRZHYE_min,118.0
455,546,GRYJCE_HDSYYFZE_std,118.0
456,847,HDZYFZE_HDYF_std,118.0
457,1490,numsOf_HDSYYFZE_GJJRATE_div,118.0
458,1391,numsOf_GRYJCE_GJJRATE_div,118.0
459,153,DWSSHY_HDSYYF_std,117.0
460,1419,numsOf_YEARPURINCM_HDZYFZE_multi,117.0
461,887,HDSYYFZE_GRZHDNGJYE_max,117.0
462,1392,numsOf_GRYJCE_TOP_USER_multi,117.0
463,1222,DKXE_YEARPURINCM_min,117.0
464,757,HDZYF_WITHDRAW_SUBMIT_sum,117.0
465,1324,numsOf_GRZHYE_WITHDRAW_SUBMIT_multi,117.0
466,301,GRJCJS_HDSYYFZE_std,117.0
467,1492,numsOf_HDSYYFZE_TOP_USER1_add,117.0
468,1327,numsOf_GRZHYE_DKXE_div,116.0
469,1368,numsOf_GRZHDNGJYE_USAGE_RATE_multi,116.0
470,1524,numsOf_GJJRATE_USAGE_AMOUNT_div,116.0
471,1343,numsOf_GRZHSNJZYE_USAGE_RATE_div,116.0
472,749,HDZYF_WITHDRAW_std,116.0
473,712,HDZYF_YEARPURINCM_max,115.0
474,728,HDZYF_HDSYYFZE_max,115.0
475,703,HDZYF_GRZHDNGJYE_max,115.0
476,1491,numsOf_HDSYYFZE_TOP_USER_multi,115.0
477,1503,numsOf_USAGE_RATE_GJJRATE_multi,115.0
478,930,USAGE_RATE_HDZYF_std,115.0
479,145,DWSSHY_DKLL_std,114.0
480,1136,WITHDRAW_SUBMIT_GRZHYE_min,114.0
481,1125,USAGE_AMOUNT_WITHDRAW_SUBMIT_std,114.0
482,751,HDZYF_WITHDRAW_min,114.0
483,307,GRJCJS_USAGE_RATE_min,114.0
484,1340,numsOf_GRZHSNJZYE_HDZYFZE_div,114.0
485,1223,DKXE_HDZYF_std,113.0
486,1447,numsOf_HDSYYF_GJJRATE_div,113.0
487,1532,numsOf_TOP_USER_WITHDRAW_SUBMIT_diff,113.0
488,753,HDZYF_USAGE_AMOUNT_mean,113.0
489,552,GRYJCE_USAGE_RATE_min,113.0
490,1272,DKXE_WITHDRAW_SUBMIT_max,113.0
491,1414,numsOf_DKLL_WITHDRAW_SUBMIT_div,113.0
492,752,HDZYF_USAGE_AMOUNT_sum,112.0
493,1093,USAGE_AMOUNT_HDZYF_std,112.0
494,1375,numsOf_GRZHDNGJYE_TOP_USER1_div,112.0
495,1073,USAGE_AMOUNT_GRZHSNJZYE_mean,112.0
496,1533,numsOf_TOP_USER_WITHDRAW_SUBMIT_multi,111.0
497,1195,DKXE_GRJCJS_std,111.0
498,1068,USAGE_AMOUNT_GRJCJS_std,111.0
499,1102,USAGE_AMOUNT_HDYF_min,111.0
500,929,USAGE_RATE_YEARPURINCM_min,111.0
501,1262,DKXE_WITHDRAW_max,111.0
502,1459,numsOf_HDYF_HDZYFZE_div,110.0
503,458,GRZHDNGJYE_YEARPURINCM_std,110.0
504,1199,DKXE_GRZHYE_min,110.0
505,821,HDZYFZE_GRZHYE_std,109.0
506,1307,numsOf_GRZHYE_HDZYF_div,109.0
507,1036,WITHDRAW_HDSYYF_min,109.0
508,958,USAGE_RATE_USAGE_AMOUNT_min,109.0
509,1373,numsOf_GRZHDNGJYE_TOP_USER_div,109.0
510,1139,WITHDRAW_SUBMIT_GRZHSNJZYE_min,109.0
511,1082,USAGE_AMOUNT_GRYJCE_std,108.0
512,1100,USAGE_AMOUNT_HDYF_std,108.0
513,909,USAGE_RATE_GRJCJS_std,108.0
514,818,HDZYFZE_GRJCJS_std,108.0
515,1099,USAGE_AMOUNT_HDYF_mean,108.0
516,1489,numsOf_HDSYYFZE_GJJRATE_multi,108.0
517,701,HDZYF_GRZHDNGJYE_mean,108.0
518,1160,WITHDRAW_SUBMIT_HDYF_min,108.0
519,1364,numsOf_GRZHDNGJYE_HDYF_multi,107.0
520,1158,WITHDRAW_SUBMIT_HDYF_mean,107.0
521,1551,numsOf_WITHDRAW_WITHDRAW_SUBMIT_div,107.0
522,864,HDZYFZE_WITHDRAW_std,107.0
523,834,HDZYFZE_DKYE_std,106.0
524,1071,USAGE_AMOUNT_GRZHYE_max,106.0
525,62,GRZHZT_USAGEOVER_count,106.0
526,641,DKYE_GRYJCE_std,106.0
527,855,HDZYFZE_USAGE_RATE_max,106.0
528,401,GRZHSNJZYE_GRYJCE_max,105.0
529,1345,numsOf_GRZHSNJZYE_GJJRATE_div,105.0
530,899,HDSYYFZE_USAGE_RATE_sum,105.0
531,893,HDSYYFZE_YEARPURINCM_min,105.0
532,1498,numsOf_HDSYYFZE_WITHDRAW_SUBMIT_multi,105.0
533,915,USAGE_RATE_GRZHSNJZYE_std,104.0
534,1037,WITHDRAW_HDYF_mean,104.0
535,1061,WITHDRAW_USAGE_AMOUNT_min,104.0
536,1461,numsOf_HDYF_USAGE_RATE_multi,104.0
537,918,USAGE_RATE_GRZHDNGJYE_std,104.0
538,895,HDSYYFZE_HDZYF_max,104.0
539,457,GRZHDNGJYE_YEARPURINCM_mean,104.0
540,1034,WITHDRAW_HDSYYF_mean,104.0
541,1341,numsOf_GRZHSNJZYE_HDSYYFZE_multi,104.0
542,651,DKYE_GJJRATE_std,104.0
543,1060,WITHDRAW_USAGE_AMOUNT_max,104.0
544,1244,DKXE_USAGE_RATE_max,103.0
545,618,DKFFE_GJJRATE_std,103.0
546,1319,numsOf_GRZHYE_TOP_USER1_multi,103.0
547,1425,numsOf_YEARPURINCM_GJJRATE_div,103.0
548,469,GRZHDNGJYE_HDYF_min,103.0
549,1137,WITHDRAW_SUBMIT_GRZHSNJZYE_mean,103.0
550,1255,DKXE_TOP_USER1_mean,103.0
551,157,DWSSHY_HDYF_max,103.0
552,1312,numsOf_GRZHYE_HDSYYFZE_multi,102.0
553,1241,DKXE_HDSYYFZE_min,102.0
554,617,DKFFE_GJJRATE_mean,102.0
555,146,DWSSHY_YEARPURINCM_sum,102.0
556,1529,numsOf_TOP_USER_WITHDRAW_multi,102.0
557,1208,DKXE_GRZHDNGJYE_min,101.0
558,578,GRYJCE_WITHDRAW_SUBMIT_max,101.0
559,730,HDZYF_USAGE_RATE_sum,101.0
560,1465,numsOf_HDYF_TOP_USER_multi,101.0
561,1020,WITHDRAW_GRZHSNJZYE_mean,101.0
562,1237,DKXE_HDZYFZE_min,101.0
563,136,DWSSHY_GRJCJS_min,101.0
564,704,HDZYF_GRZHDNGJYE_min,101.0
565,630,DKFFE_WITHDRAW_SUBMIT_std,100.0
566,1365,numsOf_GRZHDNGJYE_HDZYFZE_multi,100.0
567,1555,numsOf_USAGE_AMOUNT_WITHDRAW_SUBMIT_multi,100.0
568,1288,numsOf_GRJCJS_GRZHDNGJYE_add,100.0
569,598,DKFFE_DKLL_std,100.0
570,476,GRZHDNGJYE_HDSYYFZE_max,100.0
571,1422,numsOf_YEARPURINCM_USAGE_RATE_multi,100.0
572,480,GRZHDNGJYE_USAGE_RATE_max,100.0
573,554,GRYJCE_GJJRATE_mean,100.0
574,1131,USAGE_AMOUNT_DKXE_max,100.0
575,1560,numsOf_WITHDRAW_SUBMIT_DKXE_multi,99.0
576,1446,numsOf_HDSYYF_GJJRATE_multi,99.0
577,761,HDZYF_WITHDRAW_SUBMIT_min,99.0
578,42,DWJJLX_WITHSIGN2_count,98.0
579,1433,numsOf_YEARPURINCM_USAGE_AMOUNT_multi,98.0
580,963,USAGE_RATE_DKXE_std,98.0
581,447,GRZHDNGJYE_GRZHSNJZYE_max,98.0
582,1311,numsOf_GRZHYE_HDZYFZE_div,98.0
583,494,GRZHDNGJYE_TOP_USER1_std,98.0
584,474,GRZHDNGJYE_HDSYYFZE_mean,98.0
585,460,GRZHDNGJYE_YEARPURINCM_min,97.0
586,1558,numsOf_USAGE_AMOUNT_DKXE_div,97.0
587,883,HDSYYFZE_GRZHYE_max,97.0
588,1420,numsOf_YEARPURINCM_HDZYFZE_div,97.0
589,467,GRZHDNGJYE_HDYF_std,97.0
590,953,USAGE_RATE_WITHDRAW_std,97.0
591,171,DWSSHY_TOP_USER1_std,96.0
592,1320,numsOf_GRZHYE_TOP_USER1_div,96.0
593,823,HDZYFZE_GRZHSNJZYE_mean,96.0
594,1075,USAGE_AMOUNT_GRZHSNJZYE_max,96.0
595,1505,numsOf_USAGE_RATE_TOP_USER_diff,96.0
596,1494,numsOf_HDSYYFZE_WITHDRAW_multi,96.0
597,1463,numsOf_HDYF_GJJRATE_multi,96.0
598,1454,numsOf_HDSYYF_WITHDRAW_SUBMIT_multi,95.0
599,1457,numsOf_HDSYYF_DKXE_div,95.0
600,1542,numsOf_TOP_USER1_WITHDRAW_SUBMIT_diff,95.0
601,1298,numsOf_GRZHYE_GRZHSNJZYE_add,95.0
602,962,USAGE_RATE_DKXE_sum,95.0
603,170,DWSSHY_TOP_USER1_mean,95.0
604,1429,numsOf_YEARPURINCM_TOP_USER1_div,95.0
605,353,GRZHYE_HDSYYF_mean,95.0
606,1467,numsOf_HDYF_TOP_USER1_multi,95.0
607,1080,USAGE_AMOUNT_GRZHDNGJYE_max,95.0
608,1313,numsOf_GRZHYE_USAGE_RATE_multi,94.0
609,933,USAGE_RATE_HDSYYF_max,94.0
610,716,HDZYF_HDSYYF_min,94.0
611,960,USAGE_RATE_WITHDRAW_SUBMIT_std,94.0
612,1264,DKXE_USAGE_AMOUNT_sum,93.0
613,1299,numsOf_GRZHYE_GRZHSNJZYE_multi,93.0
614,885,HDSYYFZE_GRZHSNJZYE_max,93.0
615,639,DKYE_GRZHSNJZYE_std,93.0
616,1245,DKXE_USAGE_RATE_min,93.0
617,979,TOP_USER1_DKLL_std,93.0
618,1561,numsOf_WITHDRAW_SUBMIT_DKXE_div,93.0
619,386,GRZHYE_USAGE_AMOUNT_min,93.0
620,1407,numsOf_DKLL_HDZYF_div,93.0
621,1509,numsOf_USAGE_RATE_TOP_USER1_div,93.0
622,299,GRJCJS_HDZYFZE_min,93.0
623,615,DKFFE_USAGE_RATE_std,92.0
624,1297,numsOf_GRJCJS_DKXE_div,92.0
625,1257,DKXE_TOP_USER1_max,92.0
626,720,HDZYF_HDYF_max,92.0
627,912,USAGE_RATE_GRZHYE_max,92.0
628,1471,numsOf_HDYF_WITHDRAW_SUBMIT_add,92.0
629,1109,USAGE_AMOUNT_GJJRATE_mean,92.0
630,733,HDZYF_USAGE_RATE_max,91.0
631,1366,numsOf_GRZHDNGJYE_HDZYFZE_div,91.0
632,1155,WITHDRAW_SUBMIT_HDSYYF_mean,91.0
633,1449,numsOf_HDSYYF_TOP_USER_div,91.0
634,609,DKFFE_HDYF_std,91.0
635,155,DWSSHY_HDYF_mean,91.0
636,990,TOP_USER1_HDYF_std,91.0
637,1356,numsOf_GRZHSNJZYE_WITHDRAW_SUBMIT_multi,91.0
638,755,HDZYF_USAGE_AMOUNT_max,91.0
639,1092,USAGE_AMOUNT_YEARPURINCM_min,90.0
640,1552,numsOf_WITHDRAW_DKXE_multi,90.0
641,499,GRZHDNGJYE_USAGE_AMOUNT_mean,90.0
642,1451,numsOf_HDSYYF_TOP_USER1_div,90.0
643,931,USAGE_RATE_HDZYF_max,89.0
644,729,HDZYF_HDSYYFZE_min,89.0
645,1472,numsOf_HDYF_WITHDRAW_SUBMIT_diff,89.0
646,59,DWSSHY_in_GJSIGN_prop,89.0
647,843,HDZYFZE_HDSYYF_mean,88.0
648,1350,numsOf_GRZHSNJZYE_WITHDRAW_multi,88.0
649,461,GRZHDNGJYE_HDZYF_std,88.0
650,186,DWSSHY_DKXE_mean,88.0
651,1484,numsOf_HDZYFZE_WITHDRAW_SUBMIT_diff,88.0
652,1452,numsOf_HDSYYF_USAGE_AMOUNT_div,88.0
653,1444,numsOf_HDSYYF_HDSYYFZE_multi,88.0
654,61,DWSSHY_in_WITHSIGN2_prop,88.0
655,356,GRZHYE_HDSYYF_min,88.0
656,484,GRZHDNGJYE_GJJRATE_std,88.0
657,465,GRZHDNGJYE_HDSYYF_min,88.0
658,1510,numsOf_USAGE_RATE_WITHDRAW_multi,88.0
659,1326,numsOf_GRZHYE_DKXE_multi,87.0
660,871,HDZYFZE_USAGE_AMOUNT_min,87.0
661,1377,numsOf_GRZHDNGJYE_USAGE_AMOUNT_multi,87.0
662,760,HDZYF_WITHDRAW_SUBMIT_max,87.0
663,1127,USAGE_AMOUNT_WITHDRAW_SUBMIT_min,87.0
664,478,GRZHDNGJYE_USAGE_RATE_mean,87.0
665,565,GRYJCE_TOP_USER1_max,86.0
666,862,HDZYFZE_TOP_USER1_sum,86.0
667,588,DKFFE_GRZHYE_std,86.0
668,746,HDZYF_TOP_USER1_std,86.0
669,726,HDZYF_HDSYYFZE_mean,86.0
670,176,DWSSHY_WITHDRAW_min,86.0
671,543,GRYJCE_HDZYFZE_max,86.0
672,640,DKYE_GRZHDNGJYE_std,86.0
673,142,DWSSHY_GRYJCE_std,86.0
674,1118,USAGE_AMOUNT_WITHDRAW_sum,86.0
675,298,GRJCJS_HDZYFZE_max,85.0
676,996,TOP_USER1_USAGE_RATE_mean,85.0
677,904,HDSYYFZE_WITHDRAW_min,85.0
678,1301,numsOf_GRZHYE_GRZHDNGJYE_multi,85.0
679,849,HDZYFZE_HDYF_min,85.0
680,1330,numsOf_GRZHSNJZYE_GRYJCE_multi,85.0
681,1187,WITHDRAW_SUBMIT_USAGE_AMOUNT_mean,85.0
682,750,HDZYF_WITHDRAW_max,85.0
683,928,USAGE_RATE_YEARPURINCM_std,85.0
684,343,GRZHYE_GRYJCE_min,84.0
685,654,DKYE_WITHDRAW_std,84.0
686,758,HDZYF_WITHDRAW_SUBMIT_mean,84.0
687,907,HDSYYFZE_WITHDRAW_SUBMIT_min,84.0
688,1235,DKXE_HDZYFZE_std,84.0
689,191,GRZHZT_DKXE_min,84.0
690,820,HDZYFZE_GRZHYE_mean,83.0
691,831,HDZYFZE_GRYJCE_std,83.0
692,877,HDZYFZE_DKXE_mean,83.0
693,1046,WITHDRAW_USAGE_RATE_mean,82.0
694,1553,numsOf_WITHDRAW_DKXE_div,82.0
695,35,DWJJLX_NOUSAGE_count,82.0
696,156,DWSSHY_HDYF_std,82.0
697,1314,numsOf_GRZHYE_USAGE_RATE_div,81.0
698,1157,WITHDRAW_SUBMIT_HDSYYF_min,81.0
699,1328,numsOf_GRZHSNJZYE_GRZHDNGJYE_multi,81.0
700,441,GRZHDNGJYE_GRZHYE_sum,81.0
701,368,GRZHYE_USAGE_RATE_max,81.0
702,470,GRZHDNGJYE_HDZYFZE_mean,81.0
703,1371,numsOf_GRZHDNGJYE_GJJRATE_div,80.0
704,1411,numsOf_DKLL_USAGE_RATE_multi,80.0
705,444,GRZHDNGJYE_GRZHYE_min,80.0
706,1424,numsOf_YEARPURINCM_GJJRATE_multi,80.0
707,105,DWJJLX_DKLL_mean,80.0
708,836,HDZYFZE_YEARPURINCM_sum,80.0
709,1502,numsOf_USAGE_RATE_GJJRATE_diff,79.0
710,172,DWSSHY_TOP_USER1_max,79.0
711,1017,WITHDRAW_GRZHYE_mean,79.0
712,1548,numsOf_WITHDRAW_USAGE_AMOUNT_div,79.0
713,1316,numsOf_GRZHYE_GJJRATE_div,79.0
714,1550,numsOf_WITHDRAW_WITHDRAW_SUBMIT_multi,79.0
715,1044,WITHDRAW_HDSYYFZE_max,79.0
716,1128,USAGE_AMOUNT_DKXE_sum,78.0
717,1495,numsOf_HDSYYFZE_USAGE_AMOUNT_diff,78.0
718,162,DWSSHY_HDSYYFZE_max,78.0
719,645,DKYE_YEARPURINCM_std,78.0
720,1530,numsOf_TOP_USER_USAGE_AMOUNT_multi,78.0
721,78,TOP_USER_WITHSIGN_count,78.0
722,1404,numsOf_DKYE_HDZYF_div,78.0
723,468,GRZHDNGJYE_HDYF_max,78.0
724,1370,numsOf_GRZHDNGJYE_GJJRATE_multi,78.0
725,1508,numsOf_USAGE_RATE_TOP_USER1_multi,78.0
726,824,HDZYFZE_GRZHSNJZYE_std,77.0
727,591,DKFFE_GRZHDNGJYE_mean,77.0
728,919,USAGE_RATE_GRZHDNGJYE_max,77.0
729,1334,numsOf_GRZHSNJZYE_YEARPURINCM_multi,77.0
730,1292,numsOf_GRJCJS_HDZYF_multi,77.0
731,819,HDZYFZE_GRJCJS_min,76.0
732,1096,USAGE_AMOUNT_HDSYYF_max,76.0
733,908,HDSYYFZE_DKXE_std,76.0
734,1122,USAGE_AMOUNT_WITHDRAW_min,76.0
735,955,USAGE_RATE_WITHDRAW_min,76.0
736,1469,numsOf_HDYF_USAGE_AMOUNT_multi,76.0
737,1385,numsOf_GRYJCE_HDSYYF_diff,76.0
738,1054,WITHDRAW_TOP_USER_std,75.0
739,601,DKFFE_YEARPURINCM_mean,75.0
740,459,GRZHDNGJYE_YEARPURINCM_max,75.0
741,1106,USAGE_AMOUNT_HDSYYFZE_max,75.0
742,464,GRZHDNGJYE_HDSYYF_max,75.0
743,1438,numsOf_YEARPURINCM_DKXE_multi,75.0
744,734,HDZYF_USAGE_RATE_min,75.0
745,1538,numsOf_TOP_USER1_USAGE_AMOUNT_add,75.0
746,355,GRZHYE_HDSYYF_max,75.0
747,69,XINGBIE_GJJRATE_count,74.0
748,365,GRZHYE_HDSYYFZE_max,74.0
749,79,TOP_USER_GJJRATE_count,74.0
750,935,USAGE_RATE_HDYF_std,74.0
751,100,DWJJLX_GRZHDNGJYE_mean,74.0
752,1416,numsOf_YEARPURINCM_HDZYF_div,74.0
753,1507,numsOf_USAGE_RATE_TOP_USER_div,74.0
754,149,DWSSHY_YEARPURINCM_max,73.0
755,638,DKYE_GRZHYE_std,73.0
756,920,USAGE_RATE_GRYJCE_std,73.0
757,383,GRZHYE_WITHDRAW_min,73.0
758,1269,DKXE_WITHDRAW_SUBMIT_sum,73.0
759,390,GRZHYE_WITHDRAW_SUBMIT_min,72.0
760,433,GRZHSNJZYE_USAGE_AMOUNT_max,72.0
761,183,DWSSHY_WITHDRAW_SUBMIT_max,72.0
762,1047,WITHDRAW_USAGE_RATE_std,72.0
763,450,GRZHDNGJYE_GRYJCE_max,72.0
764,144,DWSSHY_DKLL_mean,72.0
765,943,USAGE_RATE_HDSYYFZE_min,71.0
766,903,HDSYYFZE_WITHDRAW_max,71.0
767,1363,numsOf_GRZHDNGJYE_HDZYF_div,71.0
768,414,GRZHSNJZYE_HDYF_max,71.0
769,143,DWSSHY_GRYJCE_min,71.0
770,1303,numsOf_GRZHYE_GRYJCE_multi,71.0
771,160,DWSSHY_HDZYFZE_min,70.0
772,445,GRZHDNGJYE_GRZHSNJZYE_mean,70.0
773,1279,GRYJCE_DWJJLX_min,70.0
774,1126,USAGE_AMOUNT_WITHDRAW_SUBMIT_max,70.0
775,1165,WITHDRAW_SUBMIT_HDSYYFZE_mean,70.0
776,366,GRZHYE_HDSYYFZE_min,70.0
777,620,DKFFE_TOP_USER1_sum,70.0
778,597,DKFFE_DKLL_mean,69.0
779,1481,numsOf_HDZYFZE_WITHDRAW_multi,69.0
780,608,DKFFE_HDYF_mean,69.0
781,875,HDZYFZE_WITHDRAW_SUBMIT_min,69.0
782,954,USAGE_RATE_WITHDRAW_max,69.0
783,1035,WITHDRAW_HDSYYF_std,69.0
784,1048,WITHDRAW_USAGE_RATE_max,69.0
785,614,DKFFE_USAGE_RATE_mean,69.0
786,462,GRZHDNGJYE_HDSYYF_mean,68.0
787,479,GRZHDNGJYE_USAGE_RATE_std,68.0
788,1525,numsOf_GJJRATE_WITHDRAW_SUBMIT_multi,68.0
789,725,HDZYF_HDZYFZE_min,68.0
790,722,HDZYF_HDZYFZE_mean,68.0
791,1543,numsOf_TOP_USER1_WITHDRAW_SUBMIT_multi,68.0
792,508,GRZHDNGJYE_DKXE_std,68.0
793,906,HDSYYFZE_WITHDRAW_SUBMIT_max,67.0
794,151,DWSSHY_HDZYF_min,67.0
795,463,GRZHDNGJYE_HDSYYF_std,67.0
796,1167,WITHDRAW_SUBMIT_HDSYYFZE_max,67.0
797,363,GRZHYE_HDSYYFZE_mean,66.0
798,159,DWSSHY_HDZYFZE_std,66.0
799,884,HDSYYFZE_GRZHSNJZYE_std,66.0
800,879,HDZYFZE_DKXE_max,66.0
801,500,GRZHDNGJYE_USAGE_AMOUNT_std,66.0
802,1134,WITHDRAW_SUBMIT_GRZHYE_mean,66.0
803,982,TOP_USER1_YEARPURINCM_mean,66.0
804,498,GRZHDNGJYE_WITHDRAW_min,66.0
805,782,HDSYYF_WITHDRAW_max,66.0
806,1239,DKXE_HDSYYFZE_std,66.0
807,8,DWJJLX_2,66.0
808,897,HDSYYFZE_HDYF_std,65.0
809,787,HDSYYF_DKXE_max,65.0
810,452,GRZHDNGJYE_DKYE_std,65.0
811,181,DWSSHY_WITHDRAW_SUBMIT_mean,65.0
812,932,USAGE_RATE_HDSYYF_std,65.0
813,916,USAGE_RATE_GRZHSNJZYE_max,65.0
814,648,DKYE_HDYF_std,65.0
815,369,GRZHYE_USAGE_RATE_min,65.0
816,882,HDSYYFZE_GRZHYE_std,65.0
817,611,DKFFE_HDZYFZE_std,65.0
818,972,TOP_USER1_GRZHDNGJYE_mean,65.0
819,874,HDZYFZE_WITHDRAW_SUBMIT_max,65.0
820,1539,numsOf_TOP_USER1_USAGE_AMOUNT_diff,65.0
821,1007,TOP_USER1_USAGE_AMOUNT_mean,64.0
822,863,HDZYFZE_WITHDRAW_mean,64.0
823,1121,USAGE_AMOUNT_WITHDRAW_max,63.0
824,387,GRZHYE_WITHDRAW_SUBMIT_mean,63.0
825,952,USAGE_RATE_WITHDRAW_sum,63.0
826,625,DKFFE_USAGE_AMOUNT_mean,63.0
827,844,HDZYFZE_HDSYYF_std,63.0
828,501,GRZHDNGJYE_USAGE_AMOUNT_max,63.0
829,706,HDZYF_DKFFE_std,62.0
830,154,DWSSHY_HDSYYF_max,62.0
831,997,TOP_USER1_USAGE_RATE_std,62.0
832,657,DKYE_DKXE_std,62.0
833,971,TOP_USER1_GRZHSNJZYE_min,62.0
834,646,DKYE_HDZYF_std,62.0
835,1405,numsOf_DKYE_HDSYYF_div,61.0
836,442,GRZHDNGJYE_GRZHYE_std,61.0
837,841,HDZYFZE_HDZYF_std,61.0
838,880,HDZYFZE_DKXE_min,60.0
839,558,GRYJCE_TOP_USER_sum,60.0
840,422,GRZHSNJZYE_USAGE_RATE_min,60.0
841,656,DKYE_WITHDRAW_SUBMIT_std,60.0
842,866,HDZYFZE_WITHDRAW_min,60.0
843,830,HDZYFZE_GRYJCE_mean,60.0
844,167,DWSSHY_TOP_USER_mean,60.0
845,772,HDSYYF_GRZHDNGJYE_min,59.0
846,505,GRZHDNGJYE_WITHDRAW_SUBMIT_min,59.0
847,635,DKFFE_DKXE_std,59.0
848,942,USAGE_RATE_HDSYYFZE_max,59.0
849,719,HDZYF_HDYF_std,59.0
850,454,GRZHDNGJYE_DKLL_std,59.0
851,1001,TOP_USER1_GJJRATE_std,59.0
852,175,DWSSHY_WITHDRAW_max,58.0
853,587,DKFFE_GRZHYE_mean,58.0
854,1275,GRJCJS_DWJJLX_min,58.0
855,900,HDSYYFZE_GJJRATE_std,58.0
856,1374,numsOf_GRZHDNGJYE_TOP_USER1_multi,58.0
857,1522,numsOf_GJJRATE_WITHDRAW_multi,58.0
858,1095,USAGE_AMOUNT_HDSYYF_std,58.0
859,647,DKYE_HDSYYF_std,58.0
860,147,DWSSHY_YEARPURINCM_mean,58.0
861,489,GRZHDNGJYE_TOP_USER_std,58.0
862,148,DWSSHY_YEARPURINCM_std,57.0
863,745,HDZYF_TOP_USER1_sum,57.0
864,1045,WITHDRAW_HDSYYFZE_min,57.0
865,556,GRYJCE_GJJRATE_max,57.0
866,1504,numsOf_USAGE_RATE_GJJRATE_div,57.0
867,1113,USAGE_AMOUNT_TOP_USER_std,56.0
868,585,DKFFE_GRJCJS_std,56.0
869,1540,numsOf_TOP_USER1_USAGE_AMOUNT_multi,56.0
870,174,DWSSHY_WITHDRAW_std,56.0
871,161,DWSSHY_HDSYYFZE_std,56.0
872,839,HDZYFZE_YEARPURINCM_max,56.0
873,779,HDSYYF_HDYF_min,56.0
874,959,USAGE_RATE_WITHDRAW_SUBMIT_sum,56.0
875,742,HDZYF_TOP_USER_std,55.0
876,502,GRZHDNGJYE_USAGE_AMOUNT_min,55.0
877,1423,numsOf_YEARPURINCM_USAGE_RATE_div,54.0
878,989,TOP_USER1_HDYF_mean,54.0
879,1493,numsOf_HDSYYFZE_TOP_USER1_div,54.0
880,1032,WITHDRAW_YEARPURINCM_std,54.0
881,637,DKYE_GRJCJS_std,54.0
882,34,DWJJLX_USAGEOVER_count,53.0
883,362,GRZHYE_HDZYFZE_min,53.0
884,769,HDSYYF_GRZHSNJZYE_max,53.0
885,1000,TOP_USER1_GJJRATE_mean,53.0
886,477,GRZHDNGJYE_HDSYYFZE_min,53.0
887,438,GRZHSNJZYE_DKXE_max,53.0
888,443,GRZHDNGJYE_GRZHYE_max,52.0
889,1123,USAGE_AMOUNT_WITHDRAW_SUBMIT_sum,52.0
890,1537,numsOf_TOP_USER1_WITHDRAW_multi,52.0
891,735,HDZYF_GJJRATE_sum,52.0
892,737,HDZYF_GJJRATE_std,52.0
893,690,HDZYF_GRJCJS_std,52.0
894,96,DWJJLX_GRJCJS_std,52.0
895,602,DKFFE_YEARPURINCM_std,51.0
896,1063,WITHDRAW_WITHDRAW_SUBMIT_std,51.0
897,481,GRZHDNGJYE_USAGE_RATE_min,51.0
898,1171,WITHDRAW_SUBMIT_USAGE_RATE_max,51.0
899,829,HDZYFZE_GRZHDNGJYE_max,51.0
900,430,GRZHSNJZYE_WITHDRAW_max,51.0
901,1293,numsOf_GRJCJS_HDYF_multi,51.0
902,680,YEARPURINCM_USAGE_RATE_sum,51.0
903,48,DWSSHY_USAGEOVER_count,51.0
904,902,HDSYYFZE_WITHDRAW_std,50.0
905,867,HDZYFZE_USAGE_AMOUNT_sum,50.0
906,382,GRZHYE_WITHDRAW_max,50.0
907,408,GRZHSNJZYE_YEARPURINCM_max,50.0
908,1062,WITHDRAW_WITHDRAW_SUBMIT_sum,50.0
909,848,HDZYFZE_HDYF_max,50.0
910,688,YEARPURINCM_DKXE_sum,50.0
911,80,TOP_USER_in_GJJRATE_prop,50.0
912,419,GRZHSNJZYE_HDSYYFZE_max,50.0
913,1249,DKXE_GJJRATE_min,49.0
914,727,HDZYF_HDSYYFZE_std,49.0
915,835,HDZYFZE_DKLL_std,49.0
916,1012,TOP_USER1_WITHDRAW_SUBMIT_std,49.0
917,770,HDSYYF_GRZHSNJZYE_min,49.0
918,1029,WITHDRAW_DKLL_std,49.0
919,184,DWSSHY_WITHDRAW_SUBMIT_min,48.0
920,1172,WITHDRAW_SUBMIT_USAGE_RATE_min,48.0
921,629,DKFFE_WITHDRAW_SUBMIT_mean,48.0
922,1049,WITHDRAW_GJJRATE_mean,48.0
923,868,HDZYFZE_USAGE_AMOUNT_mean,48.0
924,600,DKFFE_YEARPURINCM_sum,48.0
925,886,HDSYYFZE_GRZHDNGJYE_std,48.0
926,351,GRZHYE_YEARPURINCM_min,48.0
927,352,GRZHYE_HDZYF_std,47.0
928,70,XINGBIE_GJSIGN_count,47.0
929,636,DKFFE_DKXE_max,47.0
930,471,GRZHDNGJYE_HDZYFZE_std,47.0
931,1169,WITHDRAW_SUBMIT_USAGE_RATE_mean,47.0
932,1190,WITHDRAW_SUBMIT_USAGE_AMOUNT_min,47.0
933,826,HDZYFZE_GRZHSNJZYE_min,47.0
934,671,YEARPURINCM_GRYJCE_sum,47.0
935,472,GRZHDNGJYE_HDZYFZE_max,46.0
936,43,ZHIYE_in_DWJJLX_prop,46.0
937,1462,numsOf_HDYF_USAGE_RATE_div,46.0
938,773,HDSYYF_GRYJCE_max,46.0
939,553,GRYJCE_GJJRATE_sum,46.0
940,359,GRZHYE_HDZYFZE_mean,46.0
941,780,HDSYYF_HDSYYFZE_sum,46.0
942,961,USAGE_RATE_WITHDRAW_SUBMIT_max,46.0
943,557,GRYJCE_GJJRATE_min,46.0
944,881,HDSYYFZE_GRJCJS_std,45.0
945,473,GRZHDNGJYE_HDZYFZE_min,45.0
946,606,DKFFE_HDSYYF_mean,45.0
947,978,TOP_USER1_DKLL_mean,45.0
948,842,HDZYFZE_HDZYF_min,45.0
949,1412,numsOf_DKLL_USAGE_RATE_div,45.0
950,453,GRZHDNGJYE_DKLL_mean,44.0
951,158,DWSSHY_HDZYFZE_mean,44.0
952,1107,USAGE_AMOUNT_HDSYYFZE_min,44.0
953,493,GRZHDNGJYE_TOP_USER1_mean,44.0
954,178,DWSSHY_USAGE_AMOUNT_mean,44.0
955,888,HDSYYFZE_GRYJCE_std,44.0
956,705,HDZYF_GRYJCE_std,44.0
957,939,USAGE_RATE_HDZYFZE_max,44.0
958,1041,WITHDRAW_HDZYFZE_max,44.0
959,800,HDYF_YEARPURINCM_min,44.0
960,1541,numsOf_TOP_USER1_USAGE_AMOUNT_div,44.0
961,592,DKFFE_GRZHDNGJYE_std,44.0
962,107,DWJJLX_YEARPURINCM_sum,44.0
963,449,GRZHDNGJYE_GRYJCE_std,43.0
964,1369,numsOf_GRZHDNGJYE_USAGE_RATE_div,43.0
965,439,GRZHDNGJYE_GRJCJS_std,43.0
966,894,HDSYYFZE_HDZYF_std,43.0
967,774,HDSYYF_YEARPURINCM_mean,43.0
968,891,HDSYYFZE_YEARPURINCM_std,43.0
969,412,GRZHSNJZYE_HDSYYF_max,42.0
970,389,GRZHYE_WITHDRAW_SUBMIT_max,42.0
971,1250,DKXE_TOP_USER_sum,42.0
972,1189,WITHDRAW_SUBMIT_USAGE_AMOUNT_max,42.0
973,594,DKFFE_GRYJCE_std,42.0
974,83,GJSIGN_in_TOP_USER_prop,42.0
975,986,TOP_USER1_HDSYYF_mean,42.0
976,1161,WITHDRAW_SUBMIT_HDZYFZE_mean,41.0
977,1038,WITHDRAW_HDYF_std,41.0
978,446,GRZHDNGJYE_GRZHSNJZYE_std,41.0
979,825,HDZYFZE_GRZHSNJZYE_max,41.0
980,590,DKFFE_GRZHSNJZYE_std,40.0
981,1026,WITHDRAW_DKFFE_std,40.0
982,940,USAGE_RATE_HDZYFZE_min,40.0
983,1488,numsOf_HDSYYFZE_USAGE_RATE_div,40.0
984,623,DKFFE_WITHDRAW_min,40.0
985,1016,WITHDRAW_GRJCJS_std,40.0
986,1057,WITHDRAW_TOP_USER1_std,39.0
987,896,HDSYYFZE_HDSYYF_std,39.0
988,1011,TOP_USER1_WITHDRAW_SUBMIT_mean,39.0
989,396,GRZHSNJZYE_GRZHYE_max,39.0
990,503,GRZHDNGJYE_WITHDRAW_SUBMIT_std,39.0
991,68,XINGBIE_WITHSIGN_count,39.0
992,631,DKFFE_WITHDRAW_SUBMIT_max,39.0
993,850,HDZYFZE_HDSYYFZE_sum,39.0
994,1520,numsOf_GJJRATE_TOP_USER1_multi,39.0
995,634,DKFFE_DKXE_mean,39.0
996,44,ZHICHEN_in_DWJJLX_prop,38.0
997,924,USAGE_RATE_DKLL_std,38.0
998,957,USAGE_RATE_USAGE_AMOUNT_max,38.0
999,81,TOP_USER_GJSIGN_count,38.0
1000,1042,WITHDRAW_HDZYFZE_min,38.0
1001,589,DKFFE_GRZHSNJZYE_mean,38.0
1002,923,USAGE_RATE_DKYE_std,38.0
1003,736,HDZYF_GJJRATE_mean,38.0
1004,1360,numsOf_GRZHDNGJYE_GRYJCE_multi,38.0
1005,311,GRJCJS_GJJRATE_min,37.0
1006,937,USAGE_RATE_HDZYFZE_mean,37.0
1007,437,GRZHSNJZYE_DKXE_std,37.0
1008,740,HDZYF_TOP_USER_sum,37.0
1009,1258,DKXE_TOP_USER1_min,37.0
1010,603,DKFFE_YEARPURINCM_min,37.0
1011,413,GRZHSNJZYE_HDYF_std,37.0
1012,622,DKFFE_WITHDRAW_std,36.0
1013,492,GRZHDNGJYE_TOP_USER1_sum,36.0
1014,1445,numsOf_HDSYYF_HDSYYFZE_div,36.0
1015,1559,numsOf_WITHDRAW_SUBMIT_DKXE_diff,36.0
1016,605,DKFFE_HDZYF_min,36.0
1017,1453,numsOf_HDSYYF_WITHDRAW_SUBMIT_diff,36.0
1018,399,GRZHSNJZYE_GRZHDNGJYE_min,36.0
1019,905,HDSYYFZE_WITHDRAW_SUBMIT_std,36.0
1020,188,DWSSHY_DKXE_min,36.0
1021,488,GRZHDNGJYE_TOP_USER_mean,35.0
1022,398,GRZHSNJZYE_GRZHDNGJYE_max,35.0
1023,593,DKFFE_GRYJCE_mean,35.0
1024,110,DWJJLX_YEARPURINCM_min,35.0
1025,420,GRZHSNJZYE_HDSYYFZE_min,35.0
1026,840,HDZYFZE_YEARPURINCM_min,35.0
1027,1033,WITHDRAW_HDZYF_std,35.0
1028,152,DWSSHY_HDSYYF_sum,35.0
1029,63,GRZHZT_in_GJSIGN_prop,35.0
1030,1236,DKXE_HDZYFZE_max,35.0
1031,777,HDSYYF_YEARPURINCM_min,35.0
1032,314,GRJCJS_TOP_USER_max,35.0
1033,495,GRZHDNGJYE_TOP_USER1_max,34.0
1034,811,HDYF_USAGE_AMOUNT_sum,34.0
1035,767,HDSYYF_GRZHYE_max,34.0
1036,402,GRZHSNJZYE_DKFFE_std,34.0
1037,71,XINGBIE_WITHSIGN2_count,34.0
1038,643,DKYE_DKLL_max,34.0
1039,91,GJJRATE_GJSIGN_count,34.0
1040,409,GRZHSNJZYE_YEARPURINCM_min,34.0
1041,1053,WITHDRAW_TOP_USER_mean,34.0
1042,596,DKFFE_DKYE_std,34.0
1043,361,GRZHYE_HDZYFZE_max,34.0
1044,1440,numsOf_HDZYF_HDSYYF_multi,34.0
1045,679,YEARPURINCM_HDSYYFZE_sum,34.0
1046,561,GRYJCE_TOP_USER_max,34.0
1047,106,DWJJLX_DKLL_std,33.0
1048,870,HDZYFZE_USAGE_AMOUNT_max,33.0
1049,1066,WITHDRAW_DKXE_std,33.0
1050,785,HDSYYF_WITHDRAW_SUBMIT_min,33.0
1051,379,GRZHYE_TOP_USER1_max,33.0
1052,1028,WITHDRAW_DKLL_mean,32.0
1053,832,HDZYFZE_GRYJCE_max,32.0
1054,621,DKFFE_WITHDRAW_mean,32.0
1055,1496,numsOf_HDSYYFZE_USAGE_AMOUNT_div,32.0
1056,182,DWSSHY_WITHDRAW_SUBMIT_std,32.0
1057,179,DWSSHY_USAGE_AMOUNT_std,32.0
1058,674,YEARPURINCM_HDSYYF_sum,32.0
1059,113,DWJJLX_HDYF_std,32.0
1060,1027,WITHDRAW_DKYE_std,32.0
1061,1168,WITHDRAW_SUBMIT_HDSYYFZE_min,31.0
1062,123,DWJJLX_TOP_USER1_mean,31.0
1063,1163,WITHDRAW_SUBMIT_HDZYFZE_max,31.0
1064,610,DKFFE_HDYF_max,31.0
1065,604,DKFFE_HDZYF_std,30.0
1066,771,HDSYYF_GRZHDNGJYE_max,30.0
1067,1105,USAGE_AMOUNT_HDZYFZE_min,30.0
1068,747,HDZYF_TOP_USER1_max,30.0
1069,776,HDSYYF_YEARPURINCM_max,30.0
1070,20,DWSSHY_10,30.0
1071,784,HDSYYF_WITHDRAW_SUBMIT_max,29.0
1072,984,TOP_USER1_HDZYF_std,29.0
1073,138,DWSSHY_GRZHSNJZYE_max,29.0
1074,951,USAGE_RATE_TOP_USER1_max,29.0
1075,724,HDZYF_HDZYFZE_max,29.0
1076,434,GRZHSNJZYE_WITHDRAW_SUBMIT_mean,29.0
1077,1065,WITHDRAW_WITHDRAW_SUBMIT_min,29.0
1078,1013,TOP_USER1_DKXE_mean,28.0
1079,1108,USAGE_AMOUNT_USAGE_RATE_std,28.0
1080,1512,numsOf_USAGE_RATE_USAGE_AMOUNT_div,28.0
1081,833,HDZYFZE_GRYJCE_min,28.0
1082,118,DWJJLX_HDSYYFZE_max,28.0
1083,84,TOP_USER_WITHSIGN2_count,28.0
1084,1064,WITHDRAW_WITHDRAW_SUBMIT_max,28.0
1085,349,GRZHYE_YEARPURINCM_std,28.0
1086,24,DWSSHY_16,27.0
1087,411,GRZHSNJZYE_HDSYYF_std,27.0
1088,607,DKFFE_HDSYYF_std,27.0
1089,817,HDYF_DKXE_max,27.0
1090,1021,WITHDRAW_GRZHSNJZYE_std,27.0
1091,504,GRZHDNGJYE_WITHDRAW_SUBMIT_max,27.0
1092,861,HDZYFZE_TOP_USER_sum,27.0
1093,1006,TOP_USER1_WITHDRAW_max,27.0
1094,1015,TOP_USER1_DKXE_min,27.0
1095,1153,WITHDRAW_SUBMIT_YEARPURINCM_std,26.0
1096,1470,numsOf_HDYF_USAGE_AMOUNT_div,26.0
1097,1408,numsOf_DKLL_HDZYFZE_div,26.0
1098,185,DWSSHY_DKXE_sum,26.0
1099,865,HDZYFZE_WITHDRAW_max,26.0
1100,165,DWSSHY_GJJRATE_std,26.0
1101,1059,WITHDRAW_USAGE_AMOUNT_std,26.0
1102,1085,USAGE_AMOUNT_DKFFE_std,26.0
1103,1521,numsOf_GJJRATE_TOP_USER1_div,26.0
1104,137,DWSSHY_GRZHYE_max,26.0
1105,487,GRZHDNGJYE_TOP_USER_sum,25.0
1106,103,DWJJLX_GRYJCE_min,25.0
1107,987,TOP_USER1_HDSYYF_std,25.0
1108,380,GRZHYE_TOP_USER1_min,25.0
1109,965,TOP_USER1_GRJCJS_std,25.0
1110,497,GRZHDNGJYE_WITHDRAW_std,25.0
1111,810,HDYF_WITHDRAW_min,25.0
1112,925,USAGE_RATE_DKLL_max,25.0
1113,126,DWJJLX_WITHDRAW_std,24.0
1114,115,DWJJLX_HDZYFZE_mean,24.0
1115,1178,WITHDRAW_SUBMIT_TOP_USER_std,24.0
1116,795,HDYF_GRZHDNGJYE_min,24.0
1117,1177,WITHDRAW_SUBMIT_TOP_USER_mean,24.0
1118,82,TOP_USER_in_GJSIGN_prop,24.0
1119,1290,numsOf_GRJCJS_GRYJCE_multi,24.0
1120,876,HDZYFZE_DKXE_sum,24.0
1121,65,XINGBIE_USAGEOVER_count,24.0
1122,431,GRZHSNJZYE_WITHDRAW_min,24.0
1123,104,DWJJLX_DKYE_std,24.0
1124,87,WITHSIGN_in_GJJRATE_prop,24.0
1125,945,USAGE_RATE_GJJRATE_max,24.0
1126,632,DKFFE_WITHDRAW_SUBMIT_min,24.0
1127,416,GRZHSNJZYE_HDZYFZE_max,24.0
1128,73,USAGEOVER_GJJRATE_count,24.0
1129,392,GRZHYE_DKXE_std,24.0
1130,1104,USAGE_AMOUNT_HDZYFZE_max,24.0
1131,1058,WITHDRAW_TOP_USER1_max,23.0
1132,633,DKFFE_DKXE_sum,23.0
1133,345,GRZHYE_DKYE_std,23.0
1134,1164,WITHDRAW_SUBMIT_HDZYFZE_min,23.0
1135,66,XINGBIE_NOUSAGE_count,23.0
1136,983,TOP_USER1_YEARPURINCM_std,23.0
1137,94,WITHSIGN2_in_GJJRATE_prop,23.0
1138,482,GRZHDNGJYE_GJJRATE_sum,23.0
1139,796,HDYF_GRYJCE_max,23.0
1140,676,YEARPURINCM_HDYF_sum,23.0
1141,108,DWJJLX_YEARPURINCM_mean,23.0
1142,792,HDYF_GRZHSNJZYE_max,23.0
1143,310,GRJCJS_GJJRATE_max,23.0
1144,1519,numsOf_GJJRATE_TOP_USER_div,23.0
1145,97,DWJJLX_GRJCJS_min,22.0
1146,315,GRJCJS_TOP_USER_min,22.0
1147,346,GRZHYE_DKLL_std,22.0
1148,475,GRZHDNGJYE_HDSYYFZE_std,22.0
1149,1050,WITHDRAW_GJJRATE_std,22.0
1150,687,YEARPURINCM_WITHDRAW_SUBMIT_sum,22.0
1151,586,DKFFE_GRJCJS_min,22.0
1152,483,GRZHDNGJYE_GJJRATE_mean,22.0
1153,354,GRZHYE_HDSYYF_std,22.0
1154,743,HDZYF_TOP_USER_max,22.0
1155,667,YEARPURINCM_GRZHYE_sum,22.0
1156,993,TOP_USER1_HDSYYFZE_mean,22.0
1157,922,USAGE_RATE_DKFFE_std,21.0
1158,367,GRZHYE_USAGE_RATE_std,21.0
1159,1111,USAGE_AMOUNT_GJJRATE_max,21.0
1160,1146,WITHDRAW_SUBMIT_DKFFE_std,21.0
1161,1253,DKXE_TOP_USER_max,21.0
1162,1518,numsOf_GJJRATE_TOP_USER_multi,21.0
1163,319,GRJCJS_TOP_USER1_min,21.0
1164,125,DWJJLX_TOP_USER1_max,21.0
1165,173,DWSSHY_WITHDRAW_sum,20.0
1166,809,HDYF_WITHDRAW_max,20.0
1167,1010,TOP_USER1_USAGE_AMOUNT_min,20.0
1168,1004,TOP_USER1_WITHDRAW_mean,20.0
1169,177,DWSSHY_USAGE_AMOUNT_sum,20.0
1170,371,GRZHYE_GJJRATE_std,20.0
1171,708,HDZYF_DKLL_std,20.0
1172,741,HDZYF_TOP_USER_mean,20.0
1173,384,GRZHYE_USAGE_AMOUNT_std,19.0
1174,1023,WITHDRAW_GRZHDNGJYE_std,19.0
1175,851,HDZYFZE_HDSYYFZE_std,19.0
1176,120,DWJJLX_GJJRATE_std,19.0
1177,628,DKFFE_USAGE_AMOUNT_min,19.0
1178,1185,WITHDRAW_SUBMIT_WITHDRAW_sum,19.0
1179,975,TOP_USER1_GRYJCE_max,19.0
1180,86,WITHSIGN_GJJRATE_count,19.0
1181,375,GRZHYE_TOP_USER_std,19.0
1182,415,GRZHSNJZYE_HDZYFZE_std,19.0
1183,966,TOP_USER1_GRZHYE_mean,19.0
1184,790,HDYF_GRZHYE_max,19.0
1185,127,DWJJLX_WITHDRAW_min,19.0
1186,566,GRYJCE_TOP_USER1_min,19.0
1187,985,TOP_USER1_HDZYF_min,19.0
1188,131,DWJJLX_WITHDRAW_SUBMIT_min,18.0
1189,1117,USAGE_AMOUNT_TOP_USER1_max,18.0
1190,1018,WITHDRAW_GRZHYE_std,18.0
1191,799,HDYF_YEARPURINCM_max,18.0
1192,1008,TOP_USER1_USAGE_AMOUNT_std,18.0
1193,973,TOP_USER1_GRZHDNGJYE_std,18.0
1194,669,YEARPURINCM_GRZHSNJZYE_sum,18.0
1195,624,DKFFE_USAGE_AMOUNT_sum,18.0
1196,374,GRZHYE_TOP_USER_mean,18.0
1197,967,TOP_USER1_GRZHYE_std,18.0
1198,968,TOP_USER1_GRZHYE_min,18.0
1199,822,HDZYFZE_GRZHYE_min,18.0
1200,783,HDSYYF_WITHDRAW_min,17.0
1201,956,USAGE_RATE_USAGE_AMOUNT_std,17.0
1202,338,GRZHYE_GRZHSNJZYE_std,17.0
1203,240,GJJRATE_DKXE_min,17.0
1204,992,TOP_USER1_HDZYFZE_std,17.0
1205,93,GJJRATE_in_WITHSIGN2_prop,17.0
1206,357,GRZHYE_HDYF_std,17.0
1207,1284,DKFFE_DWSSHY_max,17.0
1208,92,GJJRATE_WITHSIGN2_count,17.0
1209,1148,WITHDRAW_SUBMIT_DKLL_mean,17.0
1210,417,GRZHSNJZYE_HDZYFZE_min,17.0
1211,428,GRZHSNJZYE_TOP_USER1_max,17.0
1212,898,HDSYYFZE_HDZYFZE_max,17.0
1213,813,HDYF_WITHDRAW_SUBMIT_mean,17.0
1214,947,USAGE_RATE_TOP_USER_std,16.0
1215,1186,WITHDRAW_SUBMIT_WITHDRAW_std,16.0
1216,114,DWJJLX_HDYF_max,16.0
1217,337,GRZHYE_GRJCJS_std,16.0
1218,224,GJJRATE_GRZHSNJZYE_max,16.0
1219,1009,TOP_USER1_USAGE_AMOUNT_max,16.0
1220,1005,TOP_USER1_WITHDRAW_std,16.0
1221,1479,numsOf_HDZYFZE_TOP_USER1_add,16.0
1222,344,GRZHYE_DKFFE_std,16.0
1223,341,GRZHYE_GRYJCE_std,15.0
1224,859,HDZYFZE_GJJRATE_max,15.0
1225,1516,numsOf_GJJRATE_TOP_USER_add,15.0
1226,1141,WITHDRAW_SUBMIT_GRZHDNGJYE_max,15.0
1227,852,HDZYFZE_HDSYYFZE_min,15.0
1228,974,TOP_USER1_GRYJCE_std,15.0
1229,1554,numsOf_USAGE_AMOUNT_WITHDRAW_SUBMIT_diff,15.0
1230,658,DKLL_GRJCJS_std,15.0
1231,977,TOP_USER1_DKYE_std,15.0
1232,815,HDYF_WITHDRAW_SUBMIT_max,15.0
1233,612,DKFFE_HDSYYFZE_sum,15.0
1234,738,HDZYF_GJJRATE_max,15.0
1235,496,GRZHDNGJYE_TOP_USER1_min,15.0
1236,1413,numsOf_DKLL_TOP_USER1_div,15.0
1237,421,GRZHSNJZYE_USAGE_RATE_std,15.0
1238,794,HDYF_GRZHDNGJYE_max,15.0
1239,1401,numsOf_DKFFE_HDZYF_div,14.0
1240,1254,DKXE_TOP_USER_min,14.0
1241,0,DWJJLX,14.0
1242,781,HDSYYF_USAGE_RATE_sum,14.0
1243,969,TOP_USER1_GRZHSNJZYE_mean,14.0
1244,798,HDYF_YEARPURINCM_std,14.0
1245,229,GJJRATE_HDYF_max,14.0
1246,1040,WITHDRAW_HDZYFZE_std,14.0
1247,378,GRZHYE_TOP_USER1_std,14.0
1248,998,TOP_USER1_USAGE_RATE_max,14.0
1249,49,DWSSHY_NOUSAGE_count,14.0
1250,64,GRZHZT_ZHICHEN_count,14.0
1251,562,GRYJCE_TOP_USER_min,14.0
1252,1014,TOP_USER1_DKXE_std,13.0
1253,134,DWJJLX_DKXE_max,13.0
1254,403,GRZHSNJZYE_DKYE_std,13.0
1255,991,TOP_USER1_HDYF_min,13.0
1256,1055,WITHDRAW_TOP_USER_max,13.0
1257,616,DKFFE_USAGE_RATE_max,13.0
1258,812,HDYF_USAGE_AMOUNT_std,13.0
1259,627,DKFFE_USAGE_AMOUNT_max,13.0
1260,1183,WITHDRAW_SUBMIT_TOP_USER1_max,13.0
1261,802,HDYF_HDSYYF_max,13.0
1262,238,GJJRATE_DKXE_mean,12.0
1263,528,GRYJCE_DKLL_min,12.0
1264,970,TOP_USER1_GRZHSNJZYE_std,12.0
1265,427,GRZHSNJZYE_TOP_USER1_std,12.0
1266,595,DKFFE_GRYJCE_min,12.0
1267,678,YEARPURINCM_HDZYFZE_sum,12.0
1268,683,YEARPURINCM_GJJRATE_std,12.0
1269,370,GRZHYE_GJJRATE_mean,12.0
1270,364,GRZHYE_HDSYYFZE_std,12.0
1271,348,GRZHYE_DKLL_min,12.0
1272,950,USAGE_RATE_TOP_USER1_std,12.0
1273,1043,WITHDRAW_HDSYYFZE_std,12.0
1274,381,GRZHYE_WITHDRAW_std,11.0
1275,1181,WITHDRAW_SUBMIT_TOP_USER1_mean,11.0
1276,231,GJJRATE_HDZYFZE_min,11.0
1277,485,GRZHDNGJYE_GJJRATE_max,11.0
1278,235,GJJRATE_TOP_USER_std,11.0
1279,1248,DKXE_GJJRATE_max,11.0
1280,791,HDYF_GRZHSNJZYE_std,11.0
1281,226,GJJRATE_DKLL_mean,11.0
1282,1175,WITHDRAW_SUBMIT_GJJRATE_max,10.0
1283,486,GRZHDNGJYE_GJJRATE_min,10.0
1284,109,DWJJLX_YEARPURINCM_max,10.0
1285,845,HDZYFZE_HDSYYF_min,10.0
1286,116,DWJJLX_HDZYFZE_std,10.0
1287,397,GRZHSNJZYE_GRZHDNGJYE_std,10.0
1288,388,GRZHYE_WITHDRAW_SUBMIT_std,10.0
1289,1159,WITHDRAW_SUBMIT_HDYF_std,10.0
1290,723,HDZYF_HDZYFZE_std,10.0
1291,642,DKYE_DKLL_std,10.0
1292,660,DKLL_GRZHSNJZYE_mean,10.0
1293,619,DKFFE_GJJRATE_max,9.0
1294,490,GRZHDNGJYE_TOP_USER_max,9.0
1295,282,GRJCJS_DKLL_min,9.0
1296,1056,WITHDRAW_TOP_USER_min,9.0
1297,1170,WITHDRAW_SUBMIT_USAGE_RATE_std,9.0
1298,102,DWJJLX_GRYJCE_std,9.0
1299,1116,USAGE_AMOUNT_TOP_USER1_std,9.0
1300,1188,WITHDRAW_SUBMIT_USAGE_AMOUNT_std,9.0
1301,112,DWJJLX_HDYF_mean,9.0
1302,1517,numsOf_GJJRATE_TOP_USER_diff,9.0
1303,372,GRZHYE_GJJRATE_max,9.0
1304,1173,WITHDRAW_SUBMIT_GJJRATE_mean,9.0
1305,72,USAGEOVER_TOP_USER_count,9.0
1306,1379,numsOf_GRZHDNGJYE_WITHDRAW_SUBMIT_diff,8.0
1307,1182,WITHDRAW_SUBMIT_TOP_USER1_std,8.0
1308,613,DKFFE_HDSYYFZE_std,8.0
1309,27,GJJRATE_3,8.0
1310,1549,numsOf_WITHDRAW_WITHDRAW_SUBMIT_diff,8.0
1311,233,GJJRATE_HDSYYFZE_max,8.0
1312,217,TOP_USER_WITHDRAW_SUBMIT_max,8.0
1313,995,TOP_USER1_HDSYYFZE_min,8.0
1314,340,GRZHYE_GRZHDNGJYE_std,8.0
1315,1138,WITHDRAW_SUBMIT_GRZHSNJZYE_std,8.0
1316,376,GRZHYE_TOP_USER_max,8.0
1317,739,HDZYF_GJJRATE_min,8.0
1318,1397,numsOf_GRYJCE_USAGE_AMOUNT_div,8.0
1319,946,USAGE_RATE_TOP_USER_mean,8.0
1320,938,USAGE_RATE_HDZYFZE_std,8.0
1321,410,GRZHSNJZYE_HDZYF_std,7.0
1322,164,DWSSHY_GJJRATE_sum,7.0
1323,491,GRZHDNGJYE_TOP_USER_min,7.0
1324,425,GRZHSNJZYE_TOP_USER_std,7.0
1325,228,GJJRATE_HDZYF_min,7.0
1326,230,GJJRATE_HDZYFZE_std,7.0
1327,26,GJJRATE_2,7.0
1328,347,GRZHYE_DKLL_max,7.0
1329,281,GRJCJS_DKLL_max,7.0
1330,527,GRYJCE_DKLL_max,7.0
1331,1217,DKXE_DKLL_min,7.0
1332,1179,WITHDRAW_SUBMIT_TOP_USER_max,7.0
1333,941,USAGE_RATE_HDSYYFZE_std,7.0
1334,1162,WITHDRAW_SUBMIT_HDZYFZE_std,7.0
1335,1086,USAGE_AMOUNT_DKYE_std,7.0
1336,1087,USAGE_AMOUNT_DKLL_std,7.0
1337,1156,WITHDRAW_SUBMIT_HDSYYF_std,7.0
1338,856,HDZYFZE_USAGE_RATE_min,7.0
1339,804,HDYF_HDZYFZE_min,7.0
1340,994,TOP_USER1_HDSYYFZE_std,7.0
1341,1149,WITHDRAW_SUBMIT_DKLL_std,6.0
1342,169,DWSSHY_TOP_USER1_sum,6.0
1343,133,DWJJLX_DKXE_mean,6.0
1344,805,HDYF_HDSYYFZE_min,6.0
1345,1154,WITHDRAW_SUBMIT_HDZYF_std,6.0
1346,901,HDSYYFZE_TOP_USER1_max,6.0
1347,1114,USAGE_AMOUNT_TOP_USER_max,6.0
1348,1216,DKXE_DKLL_max,6.0
1349,227,GJJRATE_DKLL_std,6.0
1350,1402,numsOf_DKFFE_HDZYFZE_div,6.0
1351,677,YEARPURINCM_HDYF_std,6.0
1352,1147,WITHDRAW_SUBMIT_DKYE_std,6.0
1353,90,WITHSIGN_in_WITHSIGN2_prop,6.0
1354,404,GRZHSNJZYE_DKLL_std,6.0
1355,11,DWSSHY_0,6.0
1356,999,TOP_USER1_USAGE_RATE_min,6.0
1357,395,GRZHSNJZYE_GRZHYE_std,6.0
1358,1180,WITHDRAW_SUBMIT_TOP_USER_min,6.0
1359,650,DKYE_HDSYYFZE_std,6.0
1360,689,YEARPURINCM_DKXE_std,6.0
1361,1285,DKFFE_DWSSHY_min,6.0
1362,685,YEARPURINCM_TOP_USER1_sum,6.0
1363,456,GRZHDNGJYE_DKLL_min,6.0
1364,1112,USAGE_AMOUNT_GJJRATE_min,5.0
1365,599,DKFFE_DKLL_max,5.0
1366,239,GJJRATE_DKXE_max,5.0
1367,981,TOP_USER1_DKLL_min,5.0
1368,225,GJJRATE_GRYJCE_min,5.0
1369,976,TOP_USER1_GRYJCE_min,5.0
1370,1497,numsOf_HDSYYFZE_WITHDRAW_SUBMIT_diff,5.0
1371,1478,numsOf_HDZYFZE_TOP_USER_multi,5.0
1372,1355,numsOf_GRZHSNJZYE_WITHDRAW_SUBMIT_diff,5.0
1373,9,DWJJLX_3,5.0
1374,1174,WITHDRAW_SUBMIT_GJJRATE_std,5.0
1375,77,NOUSAGE_TOP_USER_count,5.0
1376,89,GJSIGN_in_WITHSIGN_prop,5.0
1377,682,YEARPURINCM_GJJRATE_sum,5.0
1378,675,YEARPURINCM_HDSYYF_std,5.0
1379,200,TOP_USER_GRZHYE_std,5.0
1380,124,DWJJLX_TOP_USER1_std,5.0
1381,199,TOP_USER_GRZHYE_mean,5.0
1382,121,DWJJLX_GJJRATE_max,4.0
1383,373,GRZHYE_GJJRATE_min,4.0
1384,6,age_genFeat5,4.0
1385,7,age_genFeat6,4.0
1386,12,DWSSHY_1,4.0
1387,1184,WITHDRAW_SUBMIT_TOP_USER1_min,4.0
1388,377,GRZHYE_TOP_USER_min,4.0
1389,1030,WITHDRAW_DKLL_max,4.0
1390,1135,WITHDRAW_SUBMIT_GRZHYE_std,4.0
1391,237,GJJRATE_WITHDRAW_SUBMIT_min,4.0
1392,180,DWSSHY_USAGE_AMOUNT_max,4.0
1393,1282,DKFFE_DWJJLX_max,4.0
1394,223,GJJRATE_GRJCJS_min,4.0
1395,111,DWJJLX_HDZYF_min,4.0
1396,122,DWJJLX_TOP_USER_mean,4.0
1397,789,HDYF_GRZHYE_std,4.0
1398,119,DWJJLX_USAGE_RATE_std,4.0
1399,406,GRZHSNJZYE_DKLL_min,4.0
1400,793,HDYF_GRZHDNGJYE_std,4.0
1401,807,HDYF_GJJRATE_max,4.0
1402,432,GRZHSNJZYE_USAGE_AMOUNT_std,4.0
1403,659,DKLL_GRZHYE_std,4.0
1404,665,DKLL_DKXE_max,4.0
1405,988,TOP_USER1_HDSYYF_min,4.0
1406,681,YEARPURINCM_USAGE_RATE_std,4.0
1407,926,USAGE_RATE_DKLL_min,4.0
1408,455,GRZHDNGJYE_DKLL_max,4.0
1409,649,DKYE_HDZYFZE_std,4.0
1410,418,GRZHSNJZYE_HDSYYFZE_std,4.0
1411,424,GRZHSNJZYE_GJJRATE_max,4.0
1412,220,TOP_USER_DKXE_std,3.0
1413,4,age_genFeat3,3.0
1414,192,XINGBIE_WITHDRAW_min,3.0
1415,190,GRZHZT_DKXE_max,3.0
1416,201,TOP_USER_GRZHYE_max,3.0
1417,135,DWJJLX_DKXE_min,3.0
1418,203,TOP_USER_GRZHDNGJYE_std,3.0
1419,205,TOP_USER_DKLL_mean,3.0
1420,206,TOP_USER_DKLL_std,3.0
1421,405,GRZHSNJZYE_DKLL_max,3.0
1422,208,TOP_USER_HDZYF_std,3.0
1423,423,GRZHSNJZYE_GJJRATE_std,3.0
1424,16,DWSSHY_5,3.0
1425,684,YEARPURINCM_TOP_USER_sum,3.0
1426,88,WITHSIGN_GJSIGN_count,3.0
1427,1031,WITHDRAW_DKLL_min,3.0
1428,1192,WITHDRAW_SUBMIT_DKXE_std,3.0
1429,17,DWSSHY_7,3.0
1430,232,GJJRATE_HDSYYFZE_mean,3.0
1431,426,GRZHSNJZYE_TOP_USER_max,3.0
1432,814,HDYF_WITHDRAW_SUBMIT_std,3.0
1433,1133,WITHDRAW_SUBMIT_GRJCJS_std,3.0
1434,644,DKYE_DKLL_min,3.0
1435,29,GJJRATE_5,3.0
1436,686,YEARPURINCM_USAGE_AMOUNT_std,3.0
1437,193,XINGBIE_USAGE_AMOUNT_mean,3.0
1438,1480,numsOf_HDZYFZE_TOP_USER1_div,2.0
1439,204,TOP_USER_GRZHDNGJYE_max,2.0
1440,207,TOP_USER_YEARPURINCM_min,2.0
1441,214,TOP_USER_GJJRATE_mean,2.0
1442,652,DKYE_TOP_USER_max,2.0
1443,407,GRZHSNJZYE_YEARPURINCM_std,2.0
1444,661,DKLL_GRZHDNGJYE_mean,2.0
1445,801,HDYF_HDZYF_std,2.0
1446,768,HDSYYF_GRZHSNJZYE_std,2.0
1447,14,DWSSHY_3,2.0
1448,21,DWSSHY_11,2.0
1449,744,HDZYF_TOP_USER_min,2.0
1450,28,GJJRATE_4,2.0
1451,1176,WITHDRAW_SUBMIT_GJJRATE_min,2.0
1452,1166,WITHDRAW_SUBMIT_HDSYYFZE_std,2.0
1453,1150,WITHDRAW_SUBMIT_DKLL_max,2.0
1454,672,YEARPURINCM_DKFFE_std,2.0
1455,117,DWJJLX_HDZYFZE_min,2.0
1456,626,DKFFE_USAGE_AMOUNT_std,2.0
1457,128,DWJJLX_USAGE_AMOUNT_sum,2.0
1458,130,DWJJLX_WITHDRAW_SUBMIT_max,2.0
1459,663,DKLL_TOP_USER_mean,2.0
1460,668,YEARPURINCM_GRZHYE_std,2.0
1461,209,TOP_USER_HDZYF_max,2.0
1462,236,GJJRATE_TOP_USER1_max,2.0
1463,1024,WITHDRAW_GRYJCE_std,2.0
1464,400,GRZHSNJZYE_GRYJCE_std,2.0
1465,1115,USAGE_AMOUNT_TOP_USER_min,2.0
1466,435,GRZHSNJZYE_WITHDRAW_SUBMIT_std,2.0
1467,394,GRZHSNJZYE_GRJCJS_std,2.0
1468,869,HDZYFZE_USAGE_AMOUNT_std,2.0
1469,1051,WITHDRAW_GJJRATE_max,2.0
1470,816,HDYF_DKXE_std,2.0
1471,360,GRZHYE_HDZYFZE_std,2.0
1472,1140,WITHDRAW_SUBMIT_GRZHDNGJYE_std,1.0
1473,195,TOP_USER_GRJCJS_mean,1.0
1474,655,DKYE_USAGE_AMOUNT_std,1.0
1475,23,DWSSHY_15,1.0
1476,662,DKLL_GRZHDNGJYE_std,1.0
1477,949,USAGE_RATE_TOP_USER_min,1.0
1478,797,HDYF_DKLL_min,1.0
1479,653,DKYE_TOP_USER1_std,1.0
1480,76,USAGEOVER_WITHSIGN2_count,1.0
1481,129,DWJJLX_WITHDRAW_SUBMIT_mean,1.0
1482,1052,WITHDRAW_GJJRATE_min,1.0
1483,664,DKLL_DKXE_mean,1.0
1484,85,TOP_USER_in_ZHICHEN_prop,1.0
1485,948,USAGE_RATE_TOP_USER_max,1.0
1486,803,HDYF_HDZYFZE_std,1.0
1487,98,DWJJLX_GRZHYE_max,1.0
1488,101,DWJJLX_GRZHDNGJYE_max,1.0
1489,197,TOP_USER_GRJCJS_max,1.0
1490,198,TOP_USER_GRJCJS_min,1.0
1491,15,DWSSHY_4,1.0
1492,980,TOP_USER1_DKLL_max,1.0
1493,775,HDSYYF_YEARPURINCM_std,1.0
1494,234,GJJRATE_GJJRATE_sum,1.0
1495,766,HDSYYF_GRZHYE_std,1.0
1496,211,TOP_USER_HDYF_std,1.0
1497,210,TOP_USER_HDYF_mean,1.0
1498,788,HDYF_GRJCJS_std,1.0
1499,1103,USAGE_AMOUNT_HDZYFZE_std,1.0
1500,213,TOP_USER_USAGE_RATE_std,1.0
1501,5,age_genFeat4,1.0
1502,889,HDSYYFZE_DKLL_std,1.0
1503,1002,TOP_USER1_GJJRATE_max,1.0
1504,806,HDYF_GJJRATE_std,1.0
1505,808,HDYF_WITHDRAW_std,1.0
1506,18,DWSSHY_8,1.0
1507,263,ZHICHEN_DKFFE_genFeat7_mean,0.0
1508,95,ZHICHEN_in_ZHIYE_prop,0.0
1509,786,HDSYYF_DKXE_std,0.0
1510,19,DWSSHY_9,0.0
1511,1283,DKFFE_DWJJLX_min,0.0
1512,75,GJSIGN_in_USAGEOVER_prop,0.0
1513,74,USAGEOVER_GJSIGN_count,0.0
1514,261,ZHIYE_DKXE_std,0.0
1515,13,DWSSHY_2,0.0
1516,765,HDSYYF_GRJCJS_std,0.0
1517,25,TOP_USER_6,0.0
1518,22,DWSSHY_14,0.0
1519,1003,TOP_USER1_GJJRATE_min,0.0
1520,429,GRZHSNJZYE_WITHDRAW_std,0.0
1521,262,ZHIYE_DKXE_min,0.0
1522,256,ZHIYE_WITHDRAW_mean,0.0
1523,673,YEARPURINCM_DKLL_std,0.0
1524,241,GJSIGN_DKXE_mean,0.0
1525,196,TOP_USER_GRJCJS_std,0.0
1526,247,ZHIYE_HDSYYFZE_max,0.0
1527,246,ZHIYE_HDSYYFZE_std,0.0
1528,202,TOP_USER_GRZHSNJZYE_max,0.0
1529,245,ZHIYE_HDZYFZE_std,0.0
1530,244,ZHIYE_HDSYYF_std,0.0
1531,242,GJSIGN_DKXE_max,0.0
1532,860,HDZYFZE_GJJRATE_min,0.0
1533,248,ZHIYE_USAGE_RATE_mean,0.0
1534,212,TOP_USER_HDSYYFZE_std,0.0
1535,215,TOP_USER_GJJRATE_std,0.0
1536,216,TOP_USER_WITHDRAW_SUBMIT_std,0.0
1537,218,TOP_USER_DKXE_sum,0.0
1538,219,TOP_USER_DKXE_mean,0.0
1539,221,WITHSIGN_DKXE_mean,0.0
1540,222,WITHSIGN_DKXE_max,0.0
1541,194,XINGBIE_DKXE_min,0.0
1542,249,ZHIYE_USAGE_RATE_std,0.0
1543,260,ZHIYE_DKXE_mean,0.0
1544,255,ZHIYE_TOP_USER1_std,0.0
1545,670,YEARPURINCM_GRZHDNGJYE_std,0.0
1546,259,ZHIYE_WITHDRAW_SUBMIT_std,0.0
1547,1151,WITHDRAW_SUBMIT_DKLL_min,0.0
1548,258,ZHIYE_WITHDRAW_SUBMIT_mean,0.0
1549,666,DKLL_DKXE_min,0.0
1550,257,ZHIYE_WITHDRAW_std,0.0
1551,1144,WITHDRAW_SUBMIT_GRYJCE_std,0.0
1552,132,DWJJLX_DKXE_sum,0.0
1553,250,ZHIYE_GJJRATE_mean,0.0
1554,1435,numsOf_YEARPURINCM_WITHDRAW_SUBMIT_diff,0.0
1555,254,ZHIYE_TOP_USER1_mean,0.0
1556,253,ZHIYE_TOP_USER_max,0.0
1557,141,DWSSHY_GRZHDNGJYE_min,0.0
1558,166,DWSSHY_GJJRATE_max,0.0
1559,252,ZHIYE_TOP_USER_std,0.0
1560,251,ZHIYE_TOP_USER_mean,0.0
1561,243,GJSIGN_DKXE_min,0.0
