,feat,imp
0,CSNY,0
1,ZHIYE,0
2,DWSSHY,0
3,bornmonth,0
4,DWJJLX_DWSSHY_count,0
5,DWJJLX_in_DWSSHY_prop,0
6,DWSSHY_in_DWJJLX_prop,0
7,DWJJLX_GRZHZT_count,0
8,DWJJLX_XINGBIE_count,0
9,DWJJLX_in_XINGBIE_prop,0
10,XINGBIE_in_DWJJLX_prop,0
11,DWJJLX_TOP_USER_count,0
12,DWJJLX_in_TOP_USER_prop,0
13,DWJJLX_in_WITHSIGN_prop,0
14,WITHSIGN_in_DWJJLX_prop,0
15,DWJJLX_GJJRATE_count,0
16,GJJRATE_in_DWJJLX_prop,0
17,GJSIGN_in_DWJJLX_prop,0
18,DWJJLX_in_ZHIYE_prop,0
19,ZHIYE_in_DWJJLX_prop,0
20,DWJJLX_ZHICHEN_count,0
21,ZHICHEN_in_DWJJLX_prop,0
22,DWSSHY_GRZHZT_count,0
23,XINGBIE_in_DWSSHY_prop,0
24,NOUSAGE_in_DWSSHY_prop,0
25,DWSSHY_TOP_USER_count,0
26,DWSSHY_in_TOP_USER_prop,0
27,TOP_USER_in_DWSSHY_prop,0
28,DWSSHY_WITHSIGN_count,0
29,WITHSIGN_in_DWSSHY_prop,0
30,DWSSHY_GJJRATE_count,0
31,DWSSHY_in_GJJRATE_prop,0
32,GJJRATE_in_DWSSHY_prop,0
33,GJSIGN_in_DWSSHY_prop,0
34,WITHSIGN2_in_DWSSHY_prop,0
35,DWSSHY_ZHIYE_count,0
36,DWSSHY_in_ZHIYE_prop,0
37,GRZHZT_XINGBIE_count,0
38,XINGBIE_in_GRZHZT_prop,0
39,GRZHZT_in_ZHICHEN_prop,0
40,XINGBIE_in_NOUSAGE_prop,0
41,NOUSAGE_in_XINGBIE_prop,0
42,XINGBIE_in_TOP_USER_prop,0
43,TOP_USER_in_XINGBIE_prop,0
44,XINGBIE_in_WITHSIGN_prop,0
45,WITHSIGN_in_XINGBIE_prop,0
46,XINGBIE_in_GJJRATE_prop,0
47,GJJRATE_in_XINGBIE_prop,0
48,XINGBIE_in_GJSIGN_prop,0
49,GJSIGN_in_XINGBIE_prop,0
50,XINGBIE_in_WITHSIGN2_prop,0
51,XINGBIE_ZHIYE_count,0
52,XINGBIE_ZHICHEN_count,0
53,USAGEOVER_ZHIYE_count,0
54,USAGEOVER_ZHICHEN_count,0
55,TOP_USER_ZHIYE_count,0
56,GJJRATE_ZHIYE_count,0
57,WITHSIGN2_ZHIYE_count,0
58,WITHSIGN2_ZHICHEN_count,0
59,WITHSIGN2_in_ZHICHEN_prop,0
60,ZHIYE_in_ZHICHEN_prop,0
61,DWJJLX_DKLL_mean,0
62,DWSSHY_DKYE_mean,0
63,DWSSHY_TOP_USER_std,0
64,GRZHZT_GRZHYE_mean,0
65,XINGBIE_GRZHSNJZYE_std,0
66,XINGBIE_GRZHDNGJYE_mean,0
67,XINGBIE_GRZHDNGJYE_std,0
68,XINGBIE_GRZHDNGJYE_min,0
69,XINGBIE_GRYJCE_min,0
70,XINGBIE_YEARPURINCM_mean,0
71,XINGBIE_YEARPURINCM_min,0
72,XINGBIE_HDZYF_min,0
73,XINGBIE_HDZYFZE_std,0
74,XINGBIE_HDSYYFZE_std,0
75,XINGBIE_USAGE_RATE_mean,0
76,XINGBIE_GJJRATE_mean,0
77,XINGBIE_TOP_USER_std,0
78,XINGBIE_TOP_USER_max,0
79,XINGBIE_TOP_USER1_mean,0
80,XINGBIE_TOP_USER1_std,0
81,XINGBIE_WITHDRAW_mean,0
82,XINGBIE_WITHDRAW_SUBMIT_mean,0
83,XINGBIE_WITHDRAW_SUBMIT_std,0
84,XINGBIE_DKXE_max,0
85,ZHIYE_GRJCJS_mean,0
86,ZHIYE_GRJCJS_max,0
87,ZHIYE_GRJCJS_min,0
88,ZHIYE_GRZHYE_mean,0
89,ZHIYE_GRZHYE_std,0
90,ZHIYE_GRZHYE_max,0
91,ZHIYE_GRZHYE_min,0
92,ZHIYE_GRZHDNGJYE_max,0
93,ZHIYE_GRZHDNGJYE_min,0
94,ZHIYE_GRYJCE_std,0
95,ZHIYE_GRYJCE_max,0
96,ZHIYE_GRYJCE_min,0
97,ZHIYE_DKFFE_mean,0
98,ZHIYE_DKFFE_std,0
99,ZHIYE_DKYE_mean,0
100,ZHIYE_DKYE_max,0
101,ZHIYE_DKYE_min,0
102,ZHIYE_DKLL_mean,0
103,ZHIYE_DKLL_min,0
104,ZHIYE_YEARPURINCM_mean,0
105,ZHIYE_YEARPURINCM_max,0
106,ZHIYE_HDZYF_min,0
107,ZHIYE_HDSYYF_mean,0
108,ZHIYE_HDYF_mean,0
109,ZHIYE_HDZYFZE_max,0
110,ZHIYE_HDZYFZE_min,0
111,ZHIYE_GJJRATE_max,0
112,ZHIYE_TOP_USER1_max,0
113,ZHIYE_WITHDRAW_max,0
114,ZHIYE_USAGE_AMOUNT_mean,0
115,ZHIYE_USAGE_AMOUNT_std,0
116,ZHIYE_USAGE_AMOUNT_max,0
117,ZHIYE_DKXE_max,0
118,ZHICHEN_GRZHDNGJYE_min,0
119,ZHICHEN_DKXE_min,0
120,DKYE_genFeat1_GRZHYE_max,0
121,DKYE_genFeat1_GRZHYE_min,0
122,DKYE_genFeat1_GRZHSNJZYE_max,0
123,DKYE_genFeat1_GRZHSNJZYE_min,0
124,DKYE_genFeat1_GRZHDNGJYE_min,0
125,DKYE_genFeat1_DKFFE_max,0
126,DKYE_genFeat1_HDYF_min,0
127,DKYE_genFeat1_HDZYFZE_max,0
128,DKYE_genFeat1_USAGE_RATE_max,0
129,DKYE_genFeat1_GJJRATE_max,0
130,DKYE_genFeat1_GJJRATE_min,0
131,DKYE_genFeat1_TOP_USER_min,0
132,DKYE_genFeat1_TOP_USER1_min,0
133,DKYE_genFeat1_USAGE_AMOUNT_min,0
134,DKYE_genFeat1_DKXE_min,0
135,DKYE_genFeat2_GRZHYE_max,0
136,DKYE_genFeat2_GRZHYE_min,0
137,DKYE_genFeat2_GRZHSNJZYE_max,0
138,DKYE_genFeat2_GRZHSNJZYE_min,0
139,DKYE_genFeat2_GRZHDNGJYE_max,0
140,DKYE_genFeat2_GRZHDNGJYE_min,0
141,DKYE_genFeat2_DKFFE_max,0
142,DKYE_genFeat2_HDYF_min,0
143,DKYE_genFeat2_HDZYFZE_max,0
144,DKYE_genFeat2_USAGE_RATE_max,0
145,DKYE_genFeat2_GJJRATE_max,0
146,DKYE_genFeat2_GJJRATE_min,0
147,DKYE_genFeat2_TOP_USER_min,0
148,DKYE_genFeat2_TOP_USER1_min,0
149,DKYE_genFeat2_USAGE_AMOUNT_min,0
150,DKYE_genFeat2_DKXE_min,0
151,DKYE_genFeat3_GRZHYE_max,0
152,DKYE_genFeat3_GRZHYE_min,0
153,DKYE_genFeat3_GRZHSNJZYE_max,0
154,DKYE_genFeat3_GRZHSNJZYE_min,0
155,DKYE_genFeat3_GRZHDNGJYE_max,0
156,DKYE_genFeat3_GRZHDNGJYE_min,0
157,DKYE_genFeat3_DKFFE_max,0
158,DKYE_genFeat3_HDYF_min,0
159,DKYE_genFeat3_HDZYFZE_max,0
160,DKYE_genFeat3_USAGE_RATE_max,0
161,DKYE_genFeat3_GJJRATE_max,0
162,DKYE_genFeat3_GJJRATE_min,0
163,DKYE_genFeat3_TOP_USER_min,0
164,DKYE_genFeat3_TOP_USER1_min,0
165,DKYE_genFeat3_USAGE_AMOUNT_min,0
166,DKYE_genFeat3_DKXE_min,0
167,DKYE_genFeat4_GRZHYE_max,0
168,DKYE_genFeat4_GRZHYE_min,0
169,DKYE_genFeat4_GRZHSNJZYE_max,0
170,DKYE_genFeat4_GRZHSNJZYE_min,0
171,DKYE_genFeat4_GRZHDNGJYE_max,0
172,DKYE_genFeat4_GRZHDNGJYE_min,0
173,DKYE_genFeat4_DKFFE_max,0
174,DKYE_genFeat4_HDYF_min,0
175,DKYE_genFeat4_HDZYFZE_max,0
176,DKYE_genFeat4_USAGE_RATE_max,0
177,DKYE_genFeat4_GJJRATE_max,0
178,DKYE_genFeat4_GJJRATE_min,0
179,DKYE_genFeat4_TOP_USER_min,0
180,DKYE_genFeat4_TOP_USER1_min,0
181,DKYE_genFeat4_USAGE_AMOUNT_min,0
182,DKYE_genFeat4_DKXE_min,0
183,DKYE_genFeat5_GRZHYE_max,0
184,DKYE_genFeat5_GRZHYE_min,0
185,DKYE_genFeat5_GRZHSNJZYE_max,0
186,DKYE_genFeat5_GRZHSNJZYE_min,0
187,DKYE_genFeat5_GRZHDNGJYE_max,0
188,DKYE_genFeat5_GRZHDNGJYE_min,0
189,DKYE_genFeat5_DKFFE_max,0
190,DKYE_genFeat5_HDYF_min,0
191,DKYE_genFeat5_HDZYFZE_max,0
192,DKYE_genFeat5_USAGE_RATE_max,0
193,DKYE_genFeat5_GJJRATE_max,0
194,DKYE_genFeat5_GJJRATE_min,0
195,DKYE_genFeat5_TOP_USER_min,0
196,DKYE_genFeat5_TOP_USER1_min,0
197,DKYE_genFeat5_USAGE_AMOUNT_min,0
198,DKYE_genFeat5_DKXE_min,0
199,DKYE_genFeat6_GRZHYE_max,0
200,DKYE_genFeat6_GRZHYE_min,0
201,DKYE_genFeat6_GRZHSNJZYE_max,0
202,DKYE_genFeat6_GRZHSNJZYE_min,0
203,DKYE_genFeat6_GRZHDNGJYE_max,0
204,DKYE_genFeat6_GRZHDNGJYE_min,0
205,DKYE_genFeat6_DKFFE_max,0
206,DKYE_genFeat6_HDYF_min,0
207,DKYE_genFeat6_HDZYFZE_max,0
208,DKYE_genFeat6_USAGE_RATE_max,0
209,DKYE_genFeat6_GJJRATE_max,0
210,DKYE_genFeat6_GJJRATE_min,0
211,DKYE_genFeat6_TOP_USER_min,0
212,DKYE_genFeat6_TOP_USER1_min,0
213,DKYE_genFeat6_USAGE_AMOUNT_min,0
214,DKYE_genFeat6_DKXE_min,0
215,DKYE_genFeat7_GRZHYE_min,0
216,DKYE_genFeat7_GRZHDNGJYE_min,0
217,DKYE_genFeat7_DKFFE_max,0
218,DKYE_genFeat7_HDZYFZE_max,0
219,DKYE_genFeat7_GJJRATE_min,0
220,DKYE_genFeat7_TOP_USER_min,0
221,DKYE_genFeat7_TOP_USER1_min,0
222,DKYE_genFeat7_DKXE_min,0
223,DKFFE_genFeat1_GRZHYE_min,0
224,DKFFE_genFeat1_GRZHSNJZYE_min,0
225,DKFFE_genFeat1_GRZHDNGJYE_min,0
226,DKFFE_genFeat1_DKYE_min,0
227,DKFFE_genFeat1_HDSYYF_min,0
228,DKFFE_genFeat1_HDYF_min,0
229,DKFFE_genFeat1_HDSYYFZE_min,0
230,DKFFE_genFeat1_USAGE_RATE_max,0
231,DKFFE_genFeat1_USAGE_RATE_min,0
232,DKFFE_genFeat1_GJJRATE_min,0
233,DKFFE_genFeat1_TOP_USER_min,0
234,DKFFE_genFeat1_TOP_USER1_min,0
235,DKFFE_genFeat1_USAGE_AMOUNT_min,0
236,DKFFE_genFeat1_DKXE_min,0
237,DKFFE_genFeat2_GRZHYE_min,0
238,DKFFE_genFeat2_GRZHSNJZYE_min,0
239,DKFFE_genFeat2_GRZHDNGJYE_min,0
240,DKFFE_genFeat2_DKYE_min,0
241,DKFFE_genFeat2_HDSYYF_min,0
242,DKFFE_genFeat2_HDYF_min,0
243,DKFFE_genFeat2_HDSYYFZE_min,0
244,DKFFE_genFeat2_USAGE_RATE_max,0
245,DKFFE_genFeat2_USAGE_RATE_min,0
246,DKFFE_genFeat2_GJJRATE_max,0
247,DKFFE_genFeat2_GJJRATE_min,0
248,DKFFE_genFeat2_TOP_USER_min,0
249,DKFFE_genFeat2_TOP_USER1_min,0
250,DKFFE_genFeat2_USAGE_AMOUNT_min,0
251,DKFFE_genFeat2_DKXE_min,0
252,DKFFE_genFeat3_GRZHYE_max,0
253,DKFFE_genFeat3_GRZHYE_min,0
254,DKFFE_genFeat3_GRZHSNJZYE_max,0
255,DKFFE_genFeat3_GRZHSNJZYE_min,0
256,DKFFE_genFeat3_GRZHDNGJYE_min,0
257,DKFFE_genFeat3_DKYE_min,0
258,DKFFE_genFeat3_HDSYYF_min,0
259,DKFFE_genFeat3_HDYF_min,0
260,DKFFE_genFeat3_HDSYYFZE_min,0
261,DKFFE_genFeat3_USAGE_RATE_max,0
262,DKFFE_genFeat3_USAGE_RATE_min,0
263,DKFFE_genFeat3_GJJRATE_max,0
264,DKFFE_genFeat3_GJJRATE_min,0
265,DKFFE_genFeat3_TOP_USER_min,0
266,DKFFE_genFeat3_TOP_USER1_min,0
267,DKFFE_genFeat3_USAGE_AMOUNT_min,0
268,DKFFE_genFeat3_DKXE_min,0
269,DKFFE_genFeat4_GRZHYE_max,0
270,DKFFE_genFeat4_GRZHYE_min,0
271,DKFFE_genFeat4_GRZHSNJZYE_max,0
272,DKFFE_genFeat4_GRZHSNJZYE_min,0
273,DKFFE_genFeat4_GRZHDNGJYE_max,0
274,DKFFE_genFeat4_GRZHDNGJYE_min,0
275,DKFFE_genFeat4_DKYE_min,0
276,DKFFE_genFeat4_HDSYYF_min,0
277,DKFFE_genFeat4_HDYF_min,0
278,DKFFE_genFeat4_HDSYYFZE_min,0
279,DKFFE_genFeat4_USAGE_RATE_max,0
280,DKFFE_genFeat4_USAGE_RATE_min,0
281,DKFFE_genFeat4_GJJRATE_max,0
282,DKFFE_genFeat4_GJJRATE_min,0
283,DKFFE_genFeat4_TOP_USER_min,0
284,DKFFE_genFeat4_TOP_USER1_min,0
285,DKFFE_genFeat4_USAGE_AMOUNT_min,0
286,DKFFE_genFeat4_DKXE_min,0
287,DKFFE_genFeat5_GRZHYE_max,0
288,DKFFE_genFeat5_GRZHYE_min,0
289,DKFFE_genFeat5_GRZHSNJZYE_max,0
290,DKFFE_genFeat5_GRZHSNJZYE_min,0
291,DKFFE_genFeat5_GRZHDNGJYE_max,0
292,DKFFE_genFeat5_GRZHDNGJYE_min,0
293,DKFFE_genFeat5_DKYE_min,0
294,DKFFE_genFeat5_HDSYYF_min,0
295,DKFFE_genFeat5_HDYF_min,0
296,DKFFE_genFeat5_HDSYYFZE_min,0
297,DKFFE_genFeat5_USAGE_RATE_max,0
298,DKFFE_genFeat5_USAGE_RATE_min,0
299,DKFFE_genFeat5_GJJRATE_max,0
300,DKFFE_genFeat5_GJJRATE_min,0
301,DKFFE_genFeat5_TOP_USER_min,0
302,DKFFE_genFeat5_TOP_USER1_min,0
303,DKFFE_genFeat5_USAGE_AMOUNT_min,0
304,DKFFE_genFeat5_DKXE_min,0
305,DKFFE_genFeat6_GRZHYE_max,0
306,DKFFE_genFeat6_GRZHYE_min,0
307,DKFFE_genFeat6_GRZHSNJZYE_max,0
308,DKFFE_genFeat6_GRZHSNJZYE_min,0
309,DKFFE_genFeat6_GRZHDNGJYE_max,0
310,DKFFE_genFeat6_GRZHDNGJYE_min,0
311,DKFFE_genFeat6_DKYE_min,0
312,DKFFE_genFeat6_HDSYYF_min,0
313,DKFFE_genFeat6_HDYF_min,0
314,DKFFE_genFeat6_HDSYYFZE_min,0
315,DKFFE_genFeat6_USAGE_RATE_max,0
316,DKFFE_genFeat6_USAGE_RATE_min,0
317,DKFFE_genFeat6_GJJRATE_max,0
318,DKFFE_genFeat6_GJJRATE_min,0
319,DKFFE_genFeat6_TOP_USER_min,0
320,DKFFE_genFeat6_TOP_USER1_min,0
321,DKFFE_genFeat6_USAGE_AMOUNT_min,0
322,DKFFE_genFeat6_DKXE_min,0
323,DKFFE_genFeat7_GRZHYE_max,0
324,DKFFE_genFeat7_GRZHYE_min,0
325,DKFFE_genFeat7_GRZHSNJZYE_max,0
326,DKFFE_genFeat7_GRZHDNGJYE_max,0
327,DKFFE_genFeat7_GRZHDNGJYE_min,0
328,DKFFE_genFeat7_DKYE_min,0
329,DKFFE_genFeat7_DKLL_min,0
330,DKFFE_genFeat7_HDSYYF_min,0
331,DKFFE_genFeat7_HDSYYFZE_min,0
332,DKFFE_genFeat7_USAGE_RATE_min,0
333,DKFFE_genFeat7_GJJRATE_min,0
334,DKFFE_genFeat7_TOP_USER_min,0
335,DKFFE_genFeat7_TOP_USER1_min,0
336,ZHICHEN_DKFFE_genFeat5_mean,0
337,GRJCJS_GRZHYE_mean,0
338,GRJCJS_GRZHYE_std,0
339,GRJCJS_GRZHYE_max,0
340,GRJCJS_GRZHSNJZYE_sum,0
341,GRJCJS_GRZHSNJZYE_mean,0
342,GRJCJS_GRZHSNJZYE_std,0
343,GRJCJS_GRZHSNJZYE_max,0
344,GRJCJS_GRZHSNJZYE_min,0
345,GRJCJS_GRZHDNGJYE_sum,0
346,GRJCJS_GRZHDNGJYE_mean,0
347,GRJCJS_GRZHDNGJYE_std,0
348,GRJCJS_GRZHDNGJYE_max,0
349,GRJCJS_GRZHDNGJYE_min,0
350,GRJCJS_GRYJCE_sum,0
351,GRJCJS_GRYJCE_mean,0
352,GRJCJS_GRYJCE_std,0
353,GRJCJS_GRYJCE_min,0
354,GRJCJS_DKFFE_sum,0
355,GRJCJS_DKFFE_mean,0
356,GRJCJS_DKFFE_std,0
357,GRJCJS_DKYE_sum,0
358,GRJCJS_DKYE_mean,0
359,GRJCJS_DKYE_std,0
360,GRJCJS_DKYE_max,0
361,GRJCJS_DKLL_std,0
362,GRJCJS_YEARPURINCM_sum,0
363,GRJCJS_YEARPURINCM_mean,0
364,GRJCJS_YEARPURINCM_std,0
365,GRJCJS_YEARPURINCM_max,0
366,GRJCJS_HDZYF_mean,0
367,GRJCJS_HDZYF_std,0
368,GRJCJS_HDZYF_max,0
369,GRJCJS_HDZYF_min,0
370,GRJCJS_HDSYYF_std,0
371,GRJCJS_HDSYYF_max,0
372,GRJCJS_HDYF_sum,0
373,GRJCJS_HDYF_mean,0
374,GRJCJS_HDYF_std,0
375,GRJCJS_HDYF_min,0
376,GRJCJS_USAGE_RATE_sum,0
377,GRJCJS_USAGE_RATE_mean,0
378,GRJCJS_USAGE_RATE_std,0
379,GRJCJS_GJJRATE_std,0
380,GRJCJS_TOP_USER_mean,0
381,GRJCJS_TOP_USER_std,0
382,GRJCJS_TOP_USER1_mean,0
383,GRJCJS_TOP_USER1_std,0
384,GRJCJS_WITHDRAW_sum,0
385,GRJCJS_WITHDRAW_std,0
386,GRJCJS_WITHDRAW_min,0
387,GRJCJS_USAGE_AMOUNT_sum,0
388,GRJCJS_USAGE_AMOUNT_mean,0
389,GRJCJS_USAGE_AMOUNT_std,0
390,GRJCJS_WITHDRAW_SUBMIT_sum,0
391,GRJCJS_WITHDRAW_SUBMIT_mean,0
392,GRJCJS_WITHDRAW_SUBMIT_std,0
393,GRJCJS_DKXE_sum,0
394,GRJCJS_DKXE_std,0
395,GRJCJS_DKXE_min,0
396,GRZHYE_HDYF_min,0
397,GRZHYE_DKXE_sum,0
398,GRZHSNJZYE_DKXE_sum,0
399,GRZHDNGJYE_GRJCJS_sum,0
400,GRZHDNGJYE_GRYJCE_sum,0
401,GRZHDNGJYE_DKFFE_std,0
402,GRZHDNGJYE_DKXE_sum,0
403,GRYJCE_GRJCJS_max,0
404,GRYJCE_GRZHYE_std,0
405,GRYJCE_GRZHSNJZYE_sum,0
406,GRYJCE_GRZHSNJZYE_mean,0
407,GRYJCE_GRZHSNJZYE_std,0
408,GRYJCE_GRZHDNGJYE_sum,0
409,GRYJCE_GRZHDNGJYE_std,0
410,GRYJCE_GRZHDNGJYE_max,0
411,GRYJCE_GRZHDNGJYE_min,0
412,GRYJCE_DKFFE_mean,0
413,GRYJCE_DKFFE_std,0
414,GRYJCE_DKYE_mean,0
415,GRYJCE_DKYE_std,0
416,GRYJCE_DKYE_max,0
417,GRYJCE_DKLL_std,0
418,GRYJCE_YEARPURINCM_sum,0
419,GRYJCE_YEARPURINCM_mean,0
420,GRYJCE_YEARPURINCM_std,0
421,GRYJCE_YEARPURINCM_max,0
422,GRYJCE_HDZYF_sum,0
423,GRYJCE_HDZYF_mean,0
424,GRYJCE_HDZYF_std,0
425,GRYJCE_HDZYF_max,0
426,GRYJCE_HDZYF_min,0
427,GRYJCE_HDSYYF_mean,0
428,GRYJCE_HDSYYF_std,0
429,GRYJCE_HDYF_sum,0
430,GRYJCE_HDYF_mean,0
431,GRYJCE_HDYF_std,0
432,GRYJCE_HDYF_min,0
433,GRYJCE_USAGE_RATE_mean,0
434,GRYJCE_USAGE_RATE_std,0
435,GRYJCE_TOP_USER_std,0
436,GRYJCE_TOP_USER1_std,0
437,GRYJCE_WITHDRAW_sum,0
438,GRYJCE_USAGE_AMOUNT_sum,0
439,GRYJCE_USAGE_AMOUNT_mean,0
440,GRYJCE_USAGE_AMOUNT_std,0
441,GRYJCE_WITHDRAW_SUBMIT_std,0
442,GRYJCE_DKXE_sum,0
443,GRYJCE_DKXE_std,0
444,GRYJCE_DKXE_min,0
445,DKYE_GRYJCE_std,0
446,DKYE_YEARPURINCM_max,0
447,DKYE_DKXE_mean,0
448,HDZYF_GRJCJS_sum,0
449,HDZYF_GRZHYE_sum,0
450,HDZYF_GRZHDNGJYE_sum,0
451,HDZYF_GRYJCE_sum,0
452,HDZYF_DKYE_std,0
453,HDZYF_YEARPURINCM_sum,0
454,HDZYF_HDSYYF_std,0
455,HDZYF_HDYF_min,0
456,HDZYF_USAGE_RATE_mean,0
457,HDZYF_WITHDRAW_SUBMIT_std,0
458,HDZYF_DKXE_sum,0
459,HDZYF_DKXE_mean,0
460,HDZYF_DKXE_min,0
461,HDZYFZE_GRZHYE_std,0
462,HDZYFZE_YEARPURINCM_mean,0
463,HDZYFZE_HDYF_std,0
464,HDZYFZE_USAGE_RATE_std,0
465,HDZYFZE_GJJRATE_std,0
466,HDZYFZE_WITHDRAW_std,0
467,HDZYFZE_WITHDRAW_SUBMIT_std,0
468,HDZYFZE_DKXE_std,0
469,USAGE_RATE_GRJCJS_mean,0
470,USAGE_RATE_GRZHYE_mean,0
471,USAGE_RATE_GRZHSNJZYE_min,0
472,USAGE_RATE_YEARPURINCM_sum,0
473,USAGE_RATE_YEARPURINCM_mean,0
474,USAGE_RATE_HDYF_max,0
475,USAGE_RATE_HDYF_min,0
476,USAGE_RATE_GJJRATE_std,0
477,USAGE_RATE_WITHDRAW_mean,0
478,USAGE_RATE_USAGE_AMOUNT_sum,0
479,USAGE_RATE_DKXE_mean,0
480,WITHDRAW_GRJCJS_max,0
481,WITHDRAW_GRZHSNJZYE_min,0
482,WITHDRAW_GRZHDNGJYE_min,0
483,WITHDRAW_HDZYF_min,0
484,WITHDRAW_DKXE_min,0
485,USAGE_AMOUNT_GRZHYE_std,0
486,USAGE_AMOUNT_GRZHSNJZYE_std,0
487,USAGE_AMOUNT_GRZHSNJZYE_min,0
488,USAGE_AMOUNT_GRZHDNGJYE_sum,0
489,USAGE_AMOUNT_GRZHDNGJYE_mean,0
490,USAGE_AMOUNT_YEARPURINCM_sum,0
491,USAGE_AMOUNT_YEARPURINCM_mean,0
492,USAGE_AMOUNT_YEARPURINCM_min,0
493,USAGE_AMOUNT_HDZYF_std,0
494,USAGE_AMOUNT_WITHDRAW_mean,0
495,USAGE_AMOUNT_DKXE_mean,0
496,USAGE_AMOUNT_DKXE_std,0
497,USAGE_AMOUNT_DKXE_min,0
498,WITHDRAW_SUBMIT_DKXE_max,0
499,DKXE_GRJCJS_sum,0
500,DKXE_GRZHYE_sum,0
501,DKXE_GRZHYE_std,0
502,DKXE_GRZHDNGJYE_sum,0
503,DKXE_GRYJCE_sum,0
504,DKXE_GRYJCE_std,0
505,DKXE_DKFFE_std,0
506,DKXE_DKYE_mean,0
507,DKXE_DKYE_std,0
508,DKXE_DKLL_std,0
509,DKXE_YEARPURINCM_sum,0
510,DKXE_YEARPURINCM_std,0
511,DKXE_YEARPURINCM_max,0
512,DKXE_HDZYF_min,0
513,DKXE_USAGE_RATE_std,0
514,DKXE_TOP_USER_std,0
515,DKXE_USAGE_AMOUNT_mean,0
516,DKXE_USAGE_AMOUNT_max,0
517,numsOf_GRJCJS_GRZHDNGJYE_diff,0
518,numsOf_GRJCJS_GRZHDNGJYE_div,0
519,numsOf_GRJCJS_GRYJCE_div,0
520,numsOf_GRJCJS_DKFFE_multi,0
521,numsOf_GRJCJS_YEARPURINCM_div,0
522,numsOf_GRJCJS_TOP_USER_div,0
523,numsOf_GRJCJS_DKXE_multi,0
524,numsOf_GRZHYE_GRZHSNJZYE_div,0
525,numsOf_GRZHYE_GRZHDNGJYE_diff,0
526,numsOf_GRZHYE_GRZHDNGJYE_div,0
527,numsOf_GRZHYE_DKFFE_add,0
528,numsOf_GRZHYE_YEARPURINCM_diff,0
529,numsOf_GRZHYE_HDZYF_multi,0
530,numsOf_GRZHYE_HDSYYF_multi,0
531,numsOf_GRZHYE_HDYF_multi,0
532,numsOf_GRZHYE_WITHDRAW_div,0
533,numsOf_GRZHYE_USAGE_AMOUNT_add,0
534,numsOf_GRZHYE_DKXE_add,0
535,numsOf_GRZHSNJZYE_GRZHDNGJYE_diff,0
536,numsOf_GRZHSNJZYE_GRZHDNGJYE_div,0
537,numsOf_GRZHSNJZYE_DKFFE_add,0
538,numsOf_GRZHSNJZYE_DKYE_div,0
539,numsOf_GRZHSNJZYE_YEARPURINCM_diff,0
540,numsOf_GRZHSNJZYE_YEARPURINCM_div,0
541,numsOf_GRZHSNJZYE_HDZYF_multi,0
542,numsOf_GRZHSNJZYE_HDSYYF_multi,0
543,numsOf_GRZHSNJZYE_HDYF_multi,0
544,numsOf_GRZHSNJZYE_HDYF_div,0
545,numsOf_GRZHSNJZYE_TOP_USER_div,0
546,numsOf_GRZHSNJZYE_WITHDRAW_add,0
547,numsOf_GRZHSNJZYE_USAGE_AMOUNT_add,0
548,numsOf_GRZHSNJZYE_USAGE_AMOUNT_multi,0
549,numsOf_GRZHSNJZYE_WITHDRAW_SUBMIT_div,0
550,numsOf_GRZHDNGJYE_GRYJCE_div,0
551,numsOf_GRZHDNGJYE_YEARPURINCM_diff,0
552,numsOf_GRZHDNGJYE_YEARPURINCM_multi,0
553,numsOf_GRZHDNGJYE_YEARPURINCM_div,0
554,numsOf_GRZHDNGJYE_HDZYF_multi,0
555,numsOf_GRZHDNGJYE_USAGE_AMOUNT_div,0
556,numsOf_GRYJCE_YEARPURINCM_div,0
557,numsOf_GRYJCE_HDZYF_add,0
558,numsOf_GRYJCE_HDSYYF_add,0
559,numsOf_GRYJCE_DKXE_multi,0
560,numsOf_GRYJCE_DKXE_div,0
561,numsOf_DKFFE_YEARPURINCM_div,0
562,numsOf_DKFFE_WITHDRAW_div,0
563,numsOf_DKFFE_USAGE_AMOUNT_add,0
564,numsOf_DKFFE_DKXE_add,0
565,numsOf_DKFFE_DKXE_diff,0
566,numsOf_DKFFE_DKXE_multi,0
567,numsOf_DKFFE_DKXE_div,0
568,numsOf_DKYE_YEARPURINCM_div,0
569,numsOf_DKYE_USAGE_AMOUNT_multi,0
570,numsOf_DKYE_WITHDRAW_SUBMIT_div,0
571,numsOf_DKYE_DKXE_add,0
572,numsOf_DKYE_DKXE_diff,0
573,numsOf_DKLL_YEARPURINCM_div,0
574,numsOf_DKLL_USAGE_RATE_add,0
575,numsOf_DKLL_USAGE_RATE_diff,0
576,numsOf_YEARPURINCM_HDZYF_multi,0
577,numsOf_YEARPURINCM_HDYF_div,0
578,numsOf_YEARPURINCM_TOP_USER_div,0
579,numsOf_YEARPURINCM_WITHDRAW_multi,0
580,numsOf_YEARPURINCM_WITHDRAW_SUBMIT_div,0
581,numsOf_HDZYF_TOP_USER_multi,0
582,numsOf_HDZYF_WITHDRAW_div,0
583,numsOf_HDZYF_DKXE_multi,0
584,numsOf_HDSYYF_WITHDRAW_div,0
585,numsOf_HDSYYF_DKXE_multi,0
586,numsOf_HDYF_TOP_USER_div,0
587,numsOf_HDYF_TOP_USER1_div,0
588,numsOf_HDYF_WITHDRAW_div,0
589,numsOf_HDYF_DKXE_multi,0
590,numsOf_USAGE_RATE_USAGE_AMOUNT_multi,0
591,numsOf_USAGE_RATE_WITHDRAW_SUBMIT_div,0
592,numsOf_GJJRATE_WITHDRAW_div,0
593,numsOf_GJJRATE_DKXE_multi,0
594,numsOf_GJJRATE_DKXE_div,0
595,numsOf_TOP_USER_WITHDRAW_SUBMIT_add,0
596,numsOf_TOP_USER1_WITHDRAW_div,0
597,numsOf_TOP_USER1_DKXE_add,0
598,numsOf_TOP_USER1_DKXE_diff,0
599,numsOf_TOP_USER1_DKXE_multi,0
600,numsOf_TOP_USER1_DKXE_div,0
601,numsOf_USAGE_AMOUNT_DKXE_add,0
